No.,ORIENTACION,NOMBRE DEL ESTUDIANTE,RA,APE,RV,APN
1,1000000000,JAVIER JOSE CARPIO BONILLA,87,24,8,71
2,1000000001,CHANCHAVAC MENDEZ EDGAR EFRAIN,40,39,55,37
3,1000000002,DE LEON MILIAN ITALO ESMAILY,14,45,3,70
4,1000000003,JAIME ROBERTO CORTEZ MARROQUIN,8,23,74,71
5,1000000004,ALLAN RODRIGO CASTELLANOS HERRERA,12,25,92,53
6,1000000005,ANA MARIA MELENDEZ GONZALEZ,17,13,33,21
7,1000000006,OSCAR ENRIQUE DE LEON MARQUEZ,47,62,20,7
8,1000000007,ERVIN JAVIER GOMEZ CHITAY,33,13,83,23
9,1000000008,JENNIFER MELISSA VEGA TEJEDA,49,61,43,76
10,1000000009,JOSE FERNANDO CACERES LOPEZ,96,69,13,58
11,1000000010,DIEGO NORBERTO MORALES MATEO,66,54,85,12
12,1000000011,AURA DEL ROSARIO ARAGON RODRIGUEZ,38,19,20,88
13,1000000012,JUAN PABLO GUTIERREZ MONROY,99,8,90,42
14,1000000013,JESSICA MARISOL SOSA PEREZ,48,64,95,18
15,1000000014,DANIA VANESSA CEBALLOS GARCIA,41,10,6,6
16,1000000015,MILTON JOSUE CAMBARA ARAGON,74,81,52,98
17,1000000016,RONY FABIAN MONTERROSO GONZALEZ,78,11,80,35
18,1000000017,LUIS ROBERTO CHANG LUCERO,76,55,23,12
19,1000000018,LUIS ANTONIO ROLDAN CABRERA,2,64,78,92
20,1000000019,JUAN ALBERTO LOPEZ RODRIGUEZ,61,14,99,21
21,1000000020,ELSA JOCABED DIAZ DE LEON,48,99,41,92
22,1000000021,MARITZA ELIZABETH BAMACA PELICO,50,62,96,50
23,1000000022,ANTONNY ESTEBAN AYAU ROMERO,67,15,40,56
24,1000000023,THARYZ MID-DALGAD MAHANAIM SAMIR- PEREZ PEREZ,68,74,61,38
25,1000000024,ESTUARDO ARGENIS HUB PATZAN,90,76,98,94
26,1000000025,OSCAR FRANCISCO LOPEZ XOCOY,70,87,68,91
27,1000000026,EDWIN GEOVANI TINO SOTO,40,54,93,1
28,1000000027,EDUARDO ALBERTO PEREZ BARILLAS,18,89,55,13
29,1000000028,GALYLEO AGUSTIN MORALES SIGUANTAY,99,46,57,13
30,1000000029,ALEX FRANCISCO TUCHAN SURIANO,92,21,1,2
31,1000000030,MARIO DAVID DEL VALLE HERNANDEZ,47,52,27,73
32,1000000031,JUAN ALBERTO CHAJ VICENTE,93,7,48,22
33,1000000032,GEORGE ANDERSON MONROY TOCAY,20,19,34,78
34,1000000033,DIANA SUCELY VELASQUEZ MORALES,71,4,20,11
35,1000000034,JONATHAN ALEXANDER RODAS MONTENEGRO,49,51,13,31
36,1000000035,BILLI NATANAEL SUBUYUJ PATAL,85,25,92,75
37,1000000036,JACQUELINE JOHANNA CHAVARRIA ELIAS,97,61,78,4
38,1000000037,JORGE LUIS CHAVEZ ALVIZURES,76,76,9,74
39,1000000038,BRENDA MARISOL ELIZABETH GOMEZ,84,19,6,96
40,1000000039,KENNY MICHELLE OLIVEROS CHANG,29,25,51,2
41,1000000040,MARVIN LEONEL YOS CUMES,76,10,11,35
42,1000000041,CLAUDIA MARIANA MONTERROSO PEREZ,17,71,13,25
43,1000000042,JHOSSELINE BETZABE SITAN CHEN,88,9,5,53
44,1000000043,MARIA CRISTINA GALINDO PORTILLO,92,95,36,27
45,1000000044,NOE ALEXANDER CUY BEN,7,40,75,54
46,1000000045,GRISEL AGNES GUANCIN FELIPE,44,14,89,56
47,1000000046,AXEL DANIEL LOPEZ NAJERA,52,79,31,30
48,1000000047,LUIS JAVIER MURALLES IQUIQUE,44,61,26,8
49,1000000048,MARIA MARCELA MARROQUIN PEREZ,13,3,99,5
50,1000000049,DESSIRE GONZALEZ  COLOMA,58,61,45,63
51,1000000050,KATHERINE  MELISSA AGUILAR  TOJIN,53,19,59,22
52,1000000051,OMAR  ULISES CHAMALE FIGUEROA,74,92,9,66
53,1000000052,SANDRA LUCRECIA MORENO ARRECIS,51,0,63,80
54,1000000053,ELIAS EMMANUEL MENDEZ ORTIZ,99,30,43,30
55,1000000054,LUIS FRANCISCO CUYAN REALIQUE,18,33,71,7
56,1000000055,JOSE MARIA YUPE TUNCHEZ,6,28,91,79
57,1000000056,VARY ALEJANDRA MONASTERIO HERNANDEZ,35,42,96,20
58,1000000057,ERICKA MARIA MOLLINEDO OVANDO,43,82,93,87
59,1000000058,JOSE CARLOS CUELLAR AGUILAR,68,39,57,98
60,1000000059,GUSTAVO ADOLFO HERNANDEZ MEJIA,42,74,40,63
61,1000000060,RAQUEL SARAI CANU SICAJAN,69,40,54,83
62,1000000061,MARVIN ESTUARDO BARRERA LOPEZ,69,1,93,90
63,1000000062,LESSLIE CORINA HERNANDEZ ALVARADO,87,14,40,82
64,1000000063,ANDREA LUCIA PETRONILA TZOY LOPEZ,17,23,92,21
65,1000000064,BETZY ALEXANDRA ARRIOLA SOLIS,19,80,42,23
66,1000000065,IMELDA LLESENIA SUBUYUJ VENTURA,43,10,74,86
67,1000000066,ERICK ALEXANDER SANDOVAL CONDE,84,57,56,5
68,1000000067,MARLON ALEXANDER CHAY,79,39,90,78
69,1000000068,KARLA MARIA ALEJANDRA MARTINEZ MUÑOZ,11,32,20,36
70,1000000069,LUDWIN AMILCAR PEREZ BARILLAS,76,94,89,96
71,1000000070,FRANCISCO JOSE ZURITA MARTINEZ,68,7,45,43
72,1000000071,ANA VICTORIA RAMIREZ ZULETA,73,68,94,83
73,1000000072,ANA STEFANI LOSLEY RUIZ,65,37,45,18
74,1000000073,MONICA DENISE YOOL PEREZ,86,59,8,84
75,1000000074,HANSEL ANDRE CRUZ DONIS,17,67,7,9
76,1000000075,MITZYE ALEJANDRA TUCUBAL DE PAZ,62,20,12,3
77,1000000076,ANGIE KARINA GANUZA ALVARADO,47,35,97,90
78,1000000077,SOFIA FERNANDA COBOS AMADO,45,95,50,45
79,1000000078,BERNARDO ABED MURALLES CRUZ,69,93,66,56
80,1000000079,SERGIO ALEXANDER CRUZ LOPEZ,46,67,6,69
81,1000000080,JASMIN AZUCELI MOLINA,72,70,44,37
82,1000000081,MELANY ROCIO PADILLA MONTENEGRO,26,77,25,78
83,1000000082,ADA MARIA MERIDA REYES,0,80,96,16
84,1000000083,BARBARA ANAHI PINEDA ROSALES,14,14,27,33
85,1000000084,ALFONSO ANTONIO AJTZIJ CHAVEZ,8,33,97,8
86,1000000085,EDGAR RODOLFO XILOJ GARCIA,31,66,20,75
87,1000000086,VIVIAN ALEJANDRA GARCIA CORDON,21,20,59,27
88,1000000087,MACKLEY SOANY VELASQUEZ CUX,98,92,14,65
89,1000000088,EDGAR JOSUE TOMIN BARRENO,41,81,91,39
90,1000000089,IDANIA ELVIRA CRUZ HERRERA,32,56,83,0
91,1000000090,HUGO DAVID TECUM CASTILLO,69,56,4,4
92,1000000091,RUDY FERNANDO CARRILLO BALLEJO,69,22,30,60
93,1000000092,CARLOS RODRIGO DE LEON GUTIERREZ,43,99,63,28
94,1000000093,KEVIN EDUARDO HERNANDEZ VASQUEZ,75,17,60,85
95,1000000094,EDDY SANTIAGO BOROR CORO,15,0,77,94
96,1000000095,ABNER ARIEL LOPEZ CALDERON,15,96,57,95
97,1000000096,HUGO SAMUEL LARA BACK,96,37,60,35
98,1000000097,WILSON ARDANY NAVARRO SOTO,8,79,22,6
99,1000000098,KARIN MELISSA SOLARES DAVILA,64,61,97,74
100,1000000099,SARA GABRIELA ALVAREZ BARAHONA,77,32,24,88
101,1000000100,JORGE BENJAMIN LOPEZ MORALES,15,84,34,42
102,1000000101,EMMILIE REGINA ORTIZ MEJICANOS,77,18,56,88
103,1000000102,MARIAM STEPHANY CHINCHILLA LEMUS,76,25,31,40
104,1000000103,KARLA LUCIA HERNANDEZ GARCIA,65,47,12,6
105,1000000104,ALDRID ANFERNEE SIQUIEJ CIFUENTES,38,25,77,27
106,1000000105,GLADYS AZUCENA GUERRA LOPEZ,31,84,35,85
107,1000000106,JUAN ANTONIO HERNANDEZ ALVAREZ,69,50,46,29
108,1000000107,ESTUARDO EMANUEL MELENDEZ SANCHEZ,22,7,71,79
109,1000000108,PAULINA DESSIRE RODAS HERNANDEZ,7,30,40,7
110,1000000109,JONY BRAYAN JIMENEZ GONZALEZ,6,25,56,85
111,1000000110,LESSY MAYTE ARRIAZA LOPEZ,56,14,59,38
112,1000000111,JOSE MAURICIO DE LEON  GARCIA,82,89,20,66
113,1000000112,SILVANA ALEXANDRA CONTRERAS RODRIGUEZ,19,28,84,86
114,1000000113,JAIME EDUARDO CHALI ALARCON,17,59,65,99
115,1000000114,HEIDY JOHANNA PICHILLA ESCOBAR,59,75,60,76
116,1000000115,HELEN PAOLA HERNANDEZ ROQUEL,67,17,71,20
117,1000000116,CINDY PAOLA EQUITE,65,11,27,81
118,1000000117,VALERIA RAQUEL ARGUETA PRERA,24,35,32,65
119,1000000118,BYRON EMMANUEL HERNANDEZ CHOY,53,84,33,11
120,1000000119,BLANCA CLEMENTINA PEREIRA BATZ,80,26,21,5
121,1000000120,ANDREA AUDELINA GUTIERREZ ALVARADO,43,25,17,46
122,1000000121,DIANA ALEJANDRA MUÑOZ MENDEZ,13,53,33,44
123,1000000122,REINA ELIZABETH MALDONADO CRUZ,90,16,54,52
124,1000000123,KEVIN ENRIQUE QUIÑONEZ GALINDO,34,81,73,19
125,1000000124,SHEILA STEPHANY LOPEZ CHACON,57,93,0,79
126,1000000125,GABRIEL FERNANDO LOPEZ QUIJIVIX,43,64,68,28
127,1000000126,WILLIAM ALEXANDER QUINTANILLA ALVAREZ,55,45,84,25
128,1000000127,GINO JANS ENRIQUE OCHOA ALFARO,85,35,28,64
129,1000000128,MARIA SUCELLY FUENTES LOPEZ,90,18,18,26
130,1000000129,MARIA CELESTE TOLEDO ORDOÑEZ,14,27,88,37
131,1000000130,GILBERTH GEOVANY MONZON POCON,1,40,38,83
132,1000000131,ARY GERARDO ALEMAO MENDEZ LEIVA,95,42,0,20
133,1000000132,DIANA MISHEL YAQUELIN CAROL RODAS CHANCHAVAC,65,25,96,60
134,1000000133,RONNY JAVIER MAGZUL PEREZ,1,55,66,35
135,1000000134,JIMMY MICHAEL CUSTODIO,11,16,54,7
136,1000000135,ANA FERNANDA MOLINA ESTRADA,96,1,13,76
137,1000000136,IMER HARIM RAMOS ESCALANTE,71,82,66,75
138,1000000137,RANFERY MANCHAME MORENO,3,11,72,29
139,1000000138,MARIANA CELESTE CARAVEO ABALLI,47,84,32,53
140,1000000139,DIEGO JOSUE ARAGON CUELLAR,95,66,7,50
141,1000000140,MONICA GABRIELA MARTINEZ ENRIQUEZ,94,55,76,34
142,1000000141,JHONATAN OMALI PAREDES RAC,66,1,89,87
143,1000000142,MICHAEL ANDRE TELLO SANTOS,23,75,75,79
144,1000000143,MARIA CRISTINA ARRIOLA VILLEGAS,68,78,33,75
145,1000000144,YARELYN ANELISSE LOPEZ MORALES,96,45,36,47
146,1000000145,JONATHAN EMANUEL GUZMAN SABAN,16,4,32,42
147,1000000146,MARIA INES FLORES ORTIZ,58,60,3,15
148,1000000147,GREISI ABIGAIL LOPEZ REYES,1,66,59,82
149,1000000148,BYRON STEVENSON ALVAREZ RIVERA,12,63,49,97
150,1000000149,LUIS ARTURO GUZMAN,66,8,18,17
151,1000000150,SAUL ALEJANDRO MORALES SANCHEZ,65,29,68,27
152,1000000151,JENNY ESTEFANY CHANCHAVAC AGUSTIN,23,73,64,28
153,1000000152,JORGE RODRIGO RUANO Y RUANO,83,83,82,94
154,1000000153,HEIMY VANESSA CUC GOMEZ,36,85,32,30
155,1000000154,AFNER JUAN SOBEN IXCHOP,16,88,35,14
156,1000000155,LUDWIN DAVID MOLINA LOPEZ,77,47,38,37
157,1000000156,DAVID JONATHAN APEN SOTZ,14,31,18,88
158,1000000157,DALIA MADAI OCHOA ALVARADO,42,67,40,23
159,1000000158,DIEGO ALEJANDRO GARCIA LAGUARDIA,31,3,73,95
160,1000000159,JAQUELINE SUSELY ARGUETA MENDOZA,88,57,74,86
161,1000000160,MAGDA SUCELY TOCAY CHIROY,75,54,48,92
162,1000000161,ALMA ALICIA RODAS LOPEZ,6,59,8,69
163,1000000162,KEVIN ARICEL LOPEZ DUEÑAS,65,57,11,40
164,1000000163,PABLO PIRIR MORALES,74,80,72,94
165,1000000164,HILARY ALEXANDRA VELAZCO GUZMAN,8,28,49,77
166,1000000165,DIEGO GABRIEL ORDOÑEZ,27,61,60,10
167,1000000166,MIGUEL ANGEL BAC CHAJON,0,67,99,91
168,1000000167,JORGE MARIO OTZOY JUCHUÑA,47,4,17,67
169,1000000168,MICHELL ANALY MAZARIEGOS SON,97,42,96,81
170,1000000169,ANGELICA FLORA CASTRO TZOY,74,22,43,65
171,1000000170,SERGIO JAVIER PINEDA CONTRERAS,43,5,34,10
172,1000000171,JAZMIN ALICIA RODRIGUEZ GARCIA,59,4,90,38
173,1000000172,OMARDY ALEXANDER CORONADO PEREZ,30,23,66,72
174,1000000173,MYNOR ENRIQUE SANTIZO ZAPETA,47,97,36,71
175,1000000174,EWLIN AMARILIS TOMAS RODRIGUEZ,32,79,1,36
176,1000000175,SERGIO ESTUARDO ARCHILA LOPEZ,36,45,44,66
177,1000000176,JORGE LUIS TOC AJCU,30,38,69,43
178,1000000177,OSCAR JOSUE XOL IXCOY,53,52,62,97
179,1000000178,MONICA SIMIONA PASTOR YOC,37,24,64,64
180,1000000179,MARYORI YAMILETH CRUZ ZEPEDA,60,45,6,29
181,1000000180,EVELYN NOHEMY CUA GONZALEZ,80,29,76,52
182,1000000181,MARIA CRISTINA RAGUEX MORALES,53,56,42,84
183,1000000182,CAROLL ANNE MELINA PIVARAL SALAZAR,86,50,84,26
184,1000000183,SUSAN VERENICE ARELLANO ESCOBAR,43,62,54,79
185,1000000184,DANIELA SAMARIA VILLATORO DE PAZ,9,39,73,95
186,1000000185,JOSUE DAVID CASTELLANOS LOPEZ,20,29,57,71
187,1000000186,JENIFER ANDREA OVALLE MUÑOZ,67,97,82,0
188,1000000187,BRANDON IVAN PASTOR IXCHOP,38,63,17,90
189,1000000188,WILSON ANTONIO HUIT HUIT,84,61,10,27
190,1000000189,LOURDES VALERIA PEREZ LOPEZ,74,75,52,35
191,1000000190,HENRY AARON FUENTES GOMEZ,68,49,28,22
192,1000000191,NINDROOD EMMANUEL CASTILLO ESCOBAR,50,92,53,64
193,1000000192,ABNER MANUEL MORALES MARROQUIN,51,76,83,12
194,1000000193,LEA RAQUEL ALVARADO MENDEZ,26,73,40,17
195,1000000194,MARIO MOISES SICAL AC,90,54,81,22
196,1000000195,MELVIN JOSE ALFONSO CAY TAVICO,85,30,40,34
197,1000000196,LUIS FELIPE TZIRIN UPUN,88,26,98,23
198,1000000197,WALFRED IVAN MENDEZ GARCIA,94,50,55,71
199,1000000198,CHRISTA SUZANNE PAMELA ROSAL LOPEZ,95,12,43,65
200,1000000199,LESLY GABRIELA VASQUEZ RODAS,91,64,54,22
201,1000000200,WILLIAM RODOLFO ORDOÑEZ MORENO,5,63,79,72
202,1000000201,SENDER TERESITO CARINO SUBUYUJ,37,14,9,93
203,1000000202,JOSUE MANUEL GARCIA GUTIERREZ,32,53,79,18
204,1000000203,EBER OBDULIO LORENZANA REYES,46,26,62,0
205,1000000204,CARLOS JOESER APEN DIAZ,62,40,60,91
206,1000000205,LESTER IVAN VASQUEZ PIRIR,56,68,88,73
207,1000000206,GASPAR MARTIN AGUARE TIU,93,95,41,18
208,1000000207,DIANA MARVELI SAGCHE TELON,33,61,91,99
209,1000000208,JEIMY PAOLA LOPEZ HERNANDEZ,26,76,6,32
210,1000000209,CESAR ENRIQUE DEL CID LOPEZ,6,83,56,27
211,1000000210,SHARON LISBETH ROJAS LACAN,49,89,60,68
212,1000000211,JUAN JOSE LOPEZ GIRON,65,59,25,24
213,1000000212,JOANA ABIGAIL ALVARADO ORELLANA,46,64,32,38
214,1000000213,BRAYAN JAVIER DUEÑAS GARCIA,91,57,0,56
215,1000000214,BRANDON JUAN CARLOS SAC HERNANDEZ,16,41,44,31
216,1000000215,SAMUEL FERNANDO CABRERA DOMINGUEZ,93,8,64,20
217,1000000216,DIANA SOPHIA FIGUEROA FELIPE,77,52,51,17
218,1000000217,ALEJANDRA YUMELI GODINEZ VILLACINDA,59,28,82,77
219,1000000218,ELIZABETH NOEMI SICAJA GARAY,3,26,38,63
220,1000000219,DIANA GUARQUIDIA AVENDAÑO CARTAGENA,63,20,26,35
221,1000000220,ALLAN KENNEDY LEONCIO PEREZ CANCINOS,9,67,8,90
222,1000000221,AIRIN YADIRA CRUZ FORD,75,71,35,92
223,1000000222,BRENDA ETELVINA PAZ PEREZ,87,75,4,29
224,1000000223,JESUS ANDRES VELASQUEZ PEREZ,66,76,3,45
225,1000000224,JULIO ROBERTO LAINFIESTA GARCIA,55,15,56,48
226,1000000225,EMI ESTEFANY ELOISSA FERNANDEZ MARROQUIN,11,56,55,19
227,1000000226,ELAINE MICHELLE BRETON GOLON,72,56,46,66
228,1000000227,CRISTIAN EDUARDO TOLEDO LOPEZ,26,47,54,70
229,1000000228,ESTEFANIE GABRIELA COJULUN MENDOZA,37,18,13,75
230,1000000229,LIDICE ANAITE LOARCA CHAVAJAY,99,88,49,64
231,1000000230,DIANA SOFIA MARTINEZ GOMEZ,72,24,63,30
232,1000000231,KATHLYNE YADIRA GARCIA GUINEA,88,24,64,50
233,1000000232,MELISSA SOFIA AGUILERA VILLAGRAN,39,31,53,87
234,1000000233,JOSE ALEJANDRO PEREZ MONROY,9,2,76,60
235,1000000234,DANIELA ESTEFANIA SEGURA GONZALEZ,81,77,51,87
236,1000000235,CINDY KARINA MONROY PINEDA,37,33,36,18
237,1000000236,RONALD ESTUARDO OTUC OROZCO,49,96,96,31
238,1000000237,MAURICIO ENRIQUE DURAN GIRON,83,46,40,37
239,1000000238,FERNANDO AARON ISAAC URIZAR CASTELLANOS,69,64,24,86
240,1000000239,FRANCISCO JOEL MENDOZA COCHE,23,57,45,29
241,1000000240,OTTO FERNANDO PARADA VELASQUEZ,70,79,18,6
242,1000000241,ALEXIS CRISTINA ALVAREZ TORRES,99,18,82,71
243,1000000242,KAREN PAHOLA BETANCOURTH LARA,58,8,94,83
244,1000000243,MARIA ISABEL EGUIZABAL FLORES,17,40,26,89
245,1000000244,EDGAR DANIEL FAJARDO SUCHITE,29,33,56,41
246,1000000245,MELANIE SOPHIA MORALES GIRON,96,91,16,57
247,1000000246,JAVIER ELEAZAR VALIENTE MONTES,32,85,57,44
248,1000000247,VIRGINIA  EUGENIA RODAS  FISCHER,68,9,30,33
249,1000000248,LUIS GERARDO CAMPANEROS DONIS,45,56,54,89
250,1000000249,MARIA DEL ROSARIO ALDANA PINTO,15,91,70,58
251,1000000250,DIEGO FERNANDO SANTIZO GARCIA,19,13,53,91
252,1000000251,JOSE ARMANDO TOLEDO RODRIGUEZ,98,56,5,9
253,1000000252,ILEANA MARISOL ARCHILA TOCAY,96,73,82,91
254,1000000253,FRANCISCO JAVIER VALENZUELA PEREZ,15,63,74,81
255,1000000254,LUIS JAVIER YOC SANDOVAL,13,94,23,40
256,1000000255,JONATAN  ABEL GARCIA ALVAREZ,91,59,54,17
257,1000000256,ESTEFANY MERCEDEZ MENDOZA ROCA,49,3,4,47
258,1000000257,MARIA DEL CARMEN SAGASTUME FLORES,96,88,44,38
259,1000000258,EDILSAR EVERARDO LOPEZ ALONZO,70,67,36,76
260,1000000259,LIGIA PAOLA VASQUEZ MARTINEZ,24,60,12,37
261,1000000260,JORGE ALEJANDRO ANLEU CELIS,87,64,26,55
262,1000000261,MOISES RAMIRO ALBANY DIAZ ENRIQUEZ,1,94,18,20
263,1000000262,MOISES EZEQUIEL PAZ GUZMAN,32,26,27,16
264,1000000263,EDGAR FRANCISCO PEREZ PERALTA,91,65,0,27
265,1000000264,BEVERLY NYCOLLE LOPEZ ARREAGA,0,54,82,68
266,1000000265,GABRIEL ALFONZO RUCUCH HERNANDEZ,26,15,90,61
267,1000000266,NELSON ALEXIS QUIROA LOPEZ,40,31,91,13
268,1000000267,WILLIAM EDUARDO FLORES CERMEÑO,70,24,2,7
269,1000000268,CRISTIAN ORLANDO YOL GUZMAN,72,72,2,6
270,1000000269,GABRIELA  ALESSANDRA SORIANO GARCIA,3,42,93,19
271,1000000270,JEASSONN ANTONIO DE LEON CORDON,68,95,95,53
272,1000000271,KATHERINNE PAOLA HERNANDEZ SANTAY,82,21,13,4
273,1000000272,HILDA LUCRECIA GONZALEZ CADENAS,30,15,28,91
274,1000000273,BELBET SABRINA FRANCO DUARTE,2,19,77,41
275,1000000274,JAVIER EDUARDO PINEDA GONZALEZ,42,64,48,85
276,1000000275,MILLICENTH IRINEL LOPEZ GARCIA,91,39,20,98
277,1000000276,YEIMY GABRIELA CARCAMO ALVARADO,93,16,1,45
278,1000000277,RAFAEL EDUARDO ARIAS PEREZ,90,42,44,52
279,1000000278,EHIDAN GERARDO LOPEZ RAMIREZ,85,64,79,44
280,1000000279,MARIA REGINA IZQUIERDO CHAVARRIA,2,47,44,15
281,1000000280,ANA RAQUEL ROSAL,80,62,97,98
282,1000000281,GILVER DAVID FELIPE QUINAC,24,96,75,21
283,1000000282,ISAIAS CUTZAL SIC,49,54,85,16
284,1000000283,MARIA GRACIELA GARCIA LOPEZ,93,57,15,29
285,1000000284,DIANA STEPHANIA CARCAMO AQUINO,23,39,41,65
286,1000000285,MARJHORI CAROLINA FUENTES HEIZ,98,90,8,52
287,1000000286,PAMELA SUE SOTO CASTILLO,69,37,79,83
288,1000000287,LUIS PEDRO RUIZ REYES,49,98,17,10
289,1000000288,DAVID ESTEBAN ARCOS SAMAYOA,29,72,63,37
290,1000000289,JORGE ALEJANDRO GONZALEZ DAMIAN,12,38,12,59
291,1000000290,BRANDON JAVIER LOPEZ GARCIA,3,77,14,21
292,1000000291,SERGIO GIOVANNI CASTRO,32,68,61,75
293,1000000292,ASTRID ESTER CONTRERAS MORALES,58,88,36,32
294,1000000293,LESLY LISETH VELASQUEZ AGUSTIN,13,41,19,58
295,1000000294,PABLO EDUARDO VELASQUEZ CHACON,1,80,99,75
296,1000000295,ANDRES EDUARDO QUEVEDO OSORIO,43,99,24,99
297,1000000296,RAUL  CIRIACO MENDEZ  MENDEZ,44,69,54,70
298,1000000297,ANA CAROLINA GRANADOS  CORDON,46,1,41,42
299,1000000298,CLAUDIA LUCIA ROTTMANN MALDONADO,49,77,98,83
300,1000000299,JONATHAN ALEXANDER MORALES GARCIA,33,97,19,11
301,1000000300,JOSELYN ANDREA CIFUENTES GUIGUI,30,33,94,98
302,1000000301,MANUEL DE JESUS DE LEON MEJICANOS,76,45,49,87
303,1000000302,KIMBERLY CELESTE ANTONIO ESTRADA,52,68,21,83
304,1000000303,EDWIN  ALEXANDER CUYUCH  PERUCH,4,5,38,63
305,1000000304,MARIA JOSE GIRON VIDES,55,4,12,44
306,1000000305,SONIA SUCELY OROZCO SOTO,31,89,42,21
307,1000000306,JOSE  ENRIQUE CASTILLO DAVILA,88,75,90,60
308,1000000307,ANA ISABEL XUYA AJCIP,45,30,14,82
309,1000000308,KAROL STELLA PACHECO LOPEZ,43,7,33,28
310,1000000309,LESLY MARGARITA PEREZ TUN,7,97,68,38
311,1000000310,KEVIN ALFONSO MEJIA PEREZ,0,51,9,88
312,1000000311,ERICK DAVID SANIC PEREZ,71,92,62,84
313,1000000312,WALTER OSWALDO GARCIA TZUQUEN,54,55,70,87
314,1000000313,ESVIN GERARDO HERNANDEZ ORDOÑEZ,93,82,46,74
315,1000000314,ERICK DANIEL LOPEZ COJON,61,2,98,6
316,1000000315,YESSI NOHEMI PORTILLO RODRIGUEZ,2,55,41,92
317,1000000316,EROS DAVID DE LEON SANTIAGO,34,65,33,67
318,1000000317,MARIA  ANGELICA CHEL  BRITO,63,17,31,17
319,1000000318,MARIA ALEJANDRA GIRON QUIÑONEZ,76,55,37,84
320,1000000319,LAURA ALEIDA AMBROSIO PAZ,29,60,91,98
321,1000000320,IVAN EMANUEL LAZARO MONROY,23,54,70,30
322,1000000321,JEFFRY OMAR CRUZ GRAMAJO,88,70,84,93
323,1000000322,MARIA RENE AGUILAR ALFARO,55,55,74,32
324,1000000323,DAVID ALEJANDRO MORATAYA  MOTTA,31,44,94,30
325,1000000324,ANLLELY NAOMI HERNANDEZ SARAVIA,67,76,2,20
326,1000000325,DANIEL FRANCISCO ALVARADO SAPON,13,56,87,81
327,1000000326,DIEGO PABLO LOPEZ ANTILLON,30,97,39,91
328,1000000327,STEVEN DANIEL NAVAS MORALES,75,73,8,77
329,1000000328,MARIA ALEJANDRA CABRERA GONZALEZ,84,36,88,53
330,1000000329,BESSIE KATARINA ABREGO CARRANZA,50,20,59,98
331,1000000330,NELSON ALEXANDER RODRIGUEZ LOPEZ,35,82,28,75
332,1000000331,ANDY RAFAEL CAMEY LOPRETO,69,46,23,6
333,1000000332,DAVID DANIEL HERNANDEZ CHAVEZ,41,37,75,60
334,1000000333,HUGO KEVIN OMAR MUÑOZ COSAJAY,44,24,18,20
335,1000000334,DAIRIN ABIGAIL DIAZ SALGUERO,30,29,87,93
336,1000000335,PABLO ANDRES PEREZ CARDONA,98,20,99,39
337,1000000336,CRISTOPHER ALEXANDER RAMIREZ LOPEZ,74,17,95,57
338,1000000337,TERESA ADELINA FUNES  REVOLORIO,52,74,47,72
339,1000000338,MELISA ALEJANDRA ALVAREZ TRUJILLO,99,87,68,11
340,1000000339,JACKELINE LARISSA CONTRERAS ARCHILA,10,8,14,25
341,1000000340,SARA  ELISA PATZAN YOC,29,10,32,65
342,1000000341,SUNI ARELI PIRIR CORONADO,90,46,1,51
343,1000000342,CHRISTOPHER BENJAMIN DEL CID HERRERA,79,15,91,8
344,1000000343,TANIA  ELIZABETH DEL CID GONZALEZ,90,97,0,72
345,1000000344,ARMANDO NICOLAS ISAIAS ALVARADO SALVADOR,44,97,41,61
346,1000000345,PABLO ANDREZ DEL CID AREANO,0,59,21,23
347,1000000346,VALERI STEICY YAMILEX CONCOBA GONZALEZ,65,64,66,71
348,1000000347,MARELYN ROSMERY MONTERROSO DE LEON,80,31,92,75
349,1000000348,DELIA MISHEL PAREDEZ TOCAY,44,87,45,76
350,1000000349,JULIO ANGEL AGUILAR PANIAGUA,82,39,92,46
351,1000000350,OLIVIA MARISOL DELGADO ARGUETA,57,19,30,76
352,1000000351,SELINA SANDRY MISHELL GIL OLIVARES,85,23,59,97
353,1000000352,JACKELINE KARINA LUNA MORALES,88,83,66,23
354,1000000353,JONATAN MIZRAIM PEREZ AMADOR,48,34,99,74
355,1000000354,JORGE  LEONEL TORRES PERALTA,71,52,45,6
356,1000000355,MARLON ROLANDO PEREZ VICENTE,32,35,54,52
357,1000000356,LESLY ANABELL BARILLAS BOCHE,22,78,50,79
358,1000000357,MOISES ESTUARDO ALBUREZ CORONADO,33,19,37,81
359,1000000358,ESTEFANY MARIA FERNANDA CHOPEN ROLDAN,94,28,2,72
360,1000000359,LUIS FERNANDO XILOJ ESCOBAR,12,72,35,43
361,1000000360,WENDY FERNANDA MAY CHUN,89,41,25,87
362,1000000361,JENNIFER JEANETH BALLESTEROS NUFIO,39,52,16,72
363,1000000362,WALTER ALEXANDER OLIVA SANTOS,10,22,96,56
364,1000000363,CECILIA ALEJANDRA LOPEZ ZECEÑA,71,61,21,97
365,1000000364,DIANA SORAYA JUAREZ MOLINA,39,26,41,18
366,1000000365,RICARDO JAVIER MARIN PALACIOS,34,26,14,9
367,1000000366,CLAUDIA MARITZA SECAIDA MONTESDEOCA,62,97,0,53
368,1000000367,ANDREA DANIELA LOURDES MORATAYA PEREZ,87,34,10,57
369,1000000368,MELIN YADIRA SUNUN ALVARADO,99,75,54,54
370,1000000369,SHEYLA BETZABE CIFUENTES TABLAS,73,58,29,26
371,1000000370,JOSEPH ABRAHAM VARGAS DE LEON,88,82,14,54
372,1000000371,GENESIS MIRKA ALEJANDRA JUAREZ PINEDA,98,94,23,69
373,1000000372,DAILYN ELIZABETH MENDEZ LORENZANA,46,44,92,26
374,1000000373,JOSE FERNANDO VALIENTE  HERRERA,88,86,85,62
375,1000000374,FABIOLA MARGARITA AGUIRRE GUZMAN,95,18,15,14
376,1000000375,MARIA ISABEL ORANTES MANRIQUE,16,0,33,32
377,1000000376,JULIO JOSE CASTILLO GORDILLO,36,24,53,79
378,1000000377,ANDREA PAOLA LOPEZ MARTINEZ,94,0,32,73
379,1000000378,KAYLA PAMELA RODRIGUEZ GARCIA,4,7,69,60
380,1000000379,MARVIN ARNOLDO VENTURA CALGUA,85,12,99,37
381,1000000380,JOSELINE MARLENY CANIL GARCIA,35,81,2,87
382,1000000381,CARLOS DE LEON PEREZ,63,82,93,75
383,1000000382,PAULA ADELAIDA PINEDA ZACARIAS,34,17,63,89
384,1000000383,ESTEFANI MICHEL DE LA CRUZ SANTIZO,35,75,92,67
385,1000000384,MARVIN YOVANI CALAN TOMAS,12,92,89,93
386,1000000385,JOSUE DAVID ROQUE TOJ,12,75,14,59
387,1000000386,JOSE MIGUEL BRAN ESPAÑA,57,2,87,6
388,1000000387,MELANY  ALICIA HERRERA GARCIA,72,56,30,97
389,1000000388,CINDY MARIELA ARANA GARCIA,26,7,67,14
390,1000000389,CHRISTOFER DE JESUS VIX ALONSO,67,64,65,35
391,1000000390,ERICK ESTUARDO MAGZUL GOMEZ,93,72,37,55
392,1000000391,FABIOLA ELIZABETH VALENZUELA BARALES,67,14,1,43
393,1000000392,DAIRIN STEFANY HERNANDEZ LINARES,82,97,34,49
394,1000000393,ANDREA MISHEL JIMENEZ SALAZAR,37,92,28,54
395,1000000394,EDGAR GIOVANNI SALGUERO OLIVAREZ,76,79,72,80
396,1000000395,JAMES MIZRAIM GUAMUCH CAMEY,87,31,94,18
397,1000000396,CLAUDIA ESTEFANIE CHAMALE QUIEJ,78,32,73,66
398,1000000397,JESUS ALBERTO RAGUEX SIMON,57,76,52,56
399,1000000398,GERARDO RODRIGO CASIA AJPACAJA,57,57,87,83
400,1000000399,RUDY JOSUE CHANCHAVAC CUYUCH,11,77,20,34
401,1000000400,ADONIAS JOSUE GALINDO RAMIREZ,19,48,20,93
402,1000000401,NANCY PAOLA CARRION RODRIGUEZ,52,69,89,92
403,1000000402,JESSICA ABIGAIL DE LEON MONTERROSO,81,70,42,22
404,1000000403,MARIA JOSE ESTRADA CARDONA,98,29,44,10
405,1000000404,MARTA GUADALUPE CUYAN CHIROY,29,41,21,78
406,1000000405,ALVARO ALEJANDRO MIJANGOS RAMIREZ,63,13,91,80
407,1000000406,JEFFERSON LEMUEL PEREZ MONTERROSO,0,17,14,95
408,1000000407,YELSIN OBED CRUZ LOPEZ,44,23,99,32
409,1000000408,DAVID SEBASTIAN CHACON DE LEON,18,48,26,62
410,1000000409,JOSE RODRIGO LINARES VASQUEZ,99,46,1,29
411,1000000410,LESLY ARACELY HERNANDEZ URIAS,61,54,94,61
412,1000000411,KATHERINE VANESSA LOPEZ MARTINEZ,79,74,18,14
413,1000000412,HECTOR RAUL ROMERO VALENZUELA,58,59,69,19
414,1000000413,JOSE ROBERTO PEREZ CAMEY,45,96,91,99
415,1000000414,SELVIN  ESTUARDO BARAHONA AJQUIJAY,28,58,8,59
416,1000000415,ABNER JOSUE OLIVA ORDOÑEZ,63,13,44,9
417,1000000416,DAYRI OFELIA RAMOS MAZARIEGOS,15,15,83,4
418,1000000417,GRETTA MARIA CORZO CASTAÑAZA,98,27,4,31
419,1000000418,LILIANA  ESTER CUX LOPEZ,83,18,93,58
420,1000000419,ANDREA DEL ROSARIO SALGUERO,15,99,63,26
421,1000000420,ESTEPHANIE ALEJANDRA SEQUEN CHAVAC,76,38,5,77
422,1000000421,FATIMA ABIGAIL MARROQUIN IZEM,68,79,42,7
423,1000000422,MARIA LUISA MATUL DE LEON,51,69,89,3
424,1000000423,KIMBERLY ALEJANDRA MENENDEZ PAIZ,44,50,9,94
425,1000000424,GERARDO RENE PALMA CIFUENTES,44,41,10,27
426,1000000425,EVELYN YANELI RAMIREZ CHACOJ,88,50,50,88
427,1000000426,ABRAHAM RIVERA PEÑA,20,40,87,93
428,1000000427,WALTER FELIPE SIAN CHILE,18,44,95,35
429,1000000428,FRANKY LUIS SICAJAU HERNANDEZ,32,75,42,72
430,1000000429,LUIS AUGUSTO VIDES GOMEZ,9,79,55,75
431,1000000430,ERICK ROLANDO ROSALES RANCHO,74,66,93,56
432,1000000431,KATHERINE  XIOMARA GUEVARA AREVALO,24,40,16,81
433,1000000432,LUIS ENRIQUE RODAS HERNANDEZ,9,60,70,67
434,1000000433,CHRISTIAN DAVID VASQUEZ SAMAYOA,92,74,99,51
435,1000000434,JOCELYNE SAMANDA VASQUEZ MARROQUIN,15,94,49,60
436,1000000435,JASON LIZANDRO GONZALEZ AMPEREZ,76,75,77,98
437,1000000436,VICTOR ALFREDO NOVELLY SALES TECU,59,46,39,82
438,1000000437,KEILY GUADALUPE GONZALEZ MALDONADO,84,30,21,48
439,1000000438,BRYAN JOSHUA MIGUEL LOL OVALLE,17,64,70,12
440,1000000439,LESTER GREGORIO MENDEZ PEREZ,10,74,95,59
441,1000000440,SARA ELIZABETH RAMAZZINI MUÑOZ,86,57,54,88
442,1000000441,ROCIO ANAITE GARCIA GARCIA,6,2,43,92
443,1000000442,YENIFER YADIRA SALAY HERNANDEZ,54,83,37,1
444,1000000443,ANDER MARDOQUEO CANCAX ROMAN,27,37,25,24
445,1000000444,REYNA ELIZABETH PIXTUN PIXTUN,33,73,48,11
446,1000000445,JOSE RICARDO HERNANDEZ JOHNSTON,3,62,98,73
447,1000000446,ANDREA CELESTE RABINAL  MENDOZA,62,70,9,22
448,1000000447,SHARLLYN MICHELLE EPIFANIA CANO GARCIA,20,43,56,67
449,1000000448,MARCOS ASUNCION GARCIA,47,88,90,1
450,1000000449,MONICA BETZABE LUCERO CORONADO,21,17,60,95
451,1000000450,CARLOS EDUARDO CACERES ESTRADA,80,99,87,53
452,1000000451,JOSELITO ALVARADO SAPON,56,25,37,4
453,1000000452,HEIDY GABRIELA MAZARIEGOS MUﾃ前Z,59,10,80,66
454,1000000453,MONICA  DEL ROSARIO GALDAMEZ GARCIA,46,4,23,47
455,1000000454,JOSELINNE YESSENIA XUYA XOT,19,5,96,6
456,1000000455,JOSE DAVID HERNANDEZ SANDOVAL,37,69,75,78
457,1000000456,MADELAINE FERNANDA GARCIA MADRID,11,35,75,14
458,1000000457,WENDY  YOHENIZA RAMIREZ ESCOBAR,60,52,81,62
459,1000000458,MARLENY JEANETH MELGAR ASENCIO,19,1,26,31
460,1000000459,BRIYAN  ESTUARDO SANTOS,16,81,50,44
461,1000000460,REINA NOEMI AJPOP ELIAS,90,61,8,70
462,1000000461,CLARA INES LOPEZ MEJIA,68,17,49,90
463,1000000462,IVAN DE JESUS JAYES GARCIA,22,47,86,98
464,1000000463,MARIA JOSE RUIZ BARILLAS,96,71,18,2
465,1000000464,BRANDON DANIEL SIMON VASQUEZ,21,82,37,99
466,1000000465,KEVIN RODOLFO PEREZ,42,82,94,57
467,1000000466,ROBERTO CARLOS ESPAÑA SUAREZ,41,30,13,29
468,1000000467,DANIEL ALEJANDRO CHALCU FUENTES,76,19,19,39
469,1000000468,LUIS FERNANDO SILVESTRE AYALA,60,15,83,96
470,1000000469,MICHAEL DOUGLAS OCHOA REVOLORIO,29,43,4,48
471,1000000470,MONICA SARAI VELASQUEZ SATEY,46,2,5,9
472,1000000471,YOSELIN YESENIA AJTUN TEPET,93,47,80,17
473,1000000472,VELVET IXCHEL CHILE TEZAGUIC,43,14,10,92
474,1000000473,MARIO CARLOS GIRON RODAS,81,41,65,66
475,1000000474,RODAS MORATAYA LUISA FERNANDA,40,31,1,47
476,1000000475,RODRIGUEZ QUEME KARIN MELISSA,95,73,21,67
477,1000000476,PELLECER ESTRADA SILVIA GABRIELE,45,10,81,23
478,1000000477,ROSALES COJ INDRID MARISOL,47,91,80,18
479,1000000478,QUEZADA SANTA CRUZ KATHERINE  JESENIA,56,99,82,17
480,1000000479,PICHIYA JEREZ YOSELIN EUNICE,21,83,54,29
481,1000000480,LEIVA CARIAS SARA MARIA,90,45,54,13
482,1000000481,CHACON AQUECHE LUIS ROBERTO,91,60,89,80
483,1000000482,SANCHEZ MARROQUIN ANNELIZ,42,21,28,45
484,1000000483,ARIAS COLINDRES VIVIAN ROCIO,15,69,89,4
485,1000000484,LEMUS AGUILAR JONATHAN  ROLANDO,61,24,72,23
486,1000000485,PERALTA HERNANDEZ MARCOS ENRIQUE,72,36,41,91
487,1000000486,GALICIA RIVAS RODOLFO EDUARDO,70,11,94,81
488,1000000487,OSEGUEDA CONTRERAS EDNA XIOMARA,31,94,25,46
489,1000000488,RODRIGUEZ CARVAJAL MARIO GUILLERMO,76,69,77,14
490,1000000489,ALVAREZ BLANCO CLAUDIA GABRIELA,39,42,61,15
491,1000000490,MANCERA DEGOLLADO MARIA DE LOS ANGELES,33,64,34,18
492,1000000491,CIFUENTES  ZABALA ANDRE SEBASTIAN,88,24,61,69
493,1000000492,PADILLA IAN ISRAEL,64,87,20,70
494,1000000493,PINEDA ASABA CINTYA GABRIELA DEL ROSARIO,99,51,65,38
495,1000000494,FRANCO MAYEN JENNIFER ALEJANDRA,59,96,51,86
496,1000000495,LARGAESPADA RAMIREZ JESSICA ESTEFANIA,12,81,83,92
497,1000000496,GOMEZ ARRIOLA ANGEL ANDREE,90,37,2,48
498,1000000497,CHOCOYO AQUINO DARIEL TIMOTEO,1,43,79,41
499,1000000498,CRUZ GARCIA JOSUE EMMANUEL,20,83,96,4
500,1000000499,CARRANZA PADILLA ANDREA JIMENA,22,69,68,96
501,1000000500,MARIN MIJANGOS JAVIER ESTUARDO,98,20,1,73
502,1000000501,GONZALEZ MILIAN AURY KARINA,86,60,1,98
503,1000000502,LARGAESPADA NI7O DIANA CECILIA,61,73,90,4
504,1000000503,PINTO ALDANA LUISA MARIANA,8,18,72,30
505,1000000504,MENDEZ ALVAREZ MANUEL ANTONIO,95,57,43,69
506,1000000505,AQUINO SOLIS SARA MARIA,59,1,66,50
507,1000000506,MORALES  VASQUEZ ERICK  FRANCISCO,12,90,96,7
508,1000000507,PALACIOS MANCIA RICARDO SAMUEL,53,98,32,19
509,1000000508,MORALES CONTRERAS CHRISTOPHER OCTAVIO,53,0,48,35
510,1000000509,AGREDA LUNA WALTER ESTUARDO,18,20,56,11
511,1000000510,RAC VALLEJO KENNETH JHOEL,31,13,8,85
512,1000000511,ALONZO GARCIA CLAUDIA ARIOSTA,46,59,52,24
513,1000000512,VELASQUEZ CALDERON LIBNI EDITH,56,21,21,51
514,1000000513,BARILLAS AYALA ALEJANDRA DESSIRE,16,67,15,42
515,1000000514,MEDINA CARDENAS ERICK ALEXANDER,24,45,7,54
516,1000000515,MONTENEGRO CONTRERAS CRISTOFER  ALEJANDRO,40,38,1,1
517,1000000516,SALAZAR BARAHONA CHRISTOPHER VLADIMIR,56,46,24,38
518,1000000517,DUBON ZENTENO LINDA MELANNIE,76,21,7,63
519,1000000518,ROJAS LOPEZ HODRAM ENRIQUE,3,59,12,73
520,1000000519,HERRERA LARIAS DIEGO JOSE,99,82,95,17
521,1000000520,TIU TAHAY EVERARDO SANTOS,87,56,90,36
522,1000000521,CONTRERAS  DE LEON BERLYN NOELL DE JESUS,35,78,72,35
523,1000000522,LEMUS MONTEPEQUE KATHERINE ANDREA,12,37,12,68
524,1000000523,GOMEZ ROSAL JOSTIN ANDRE,92,51,0,68
525,1000000524,HERNANDEZ CORZO ALVARO MAURICIO,79,36,16,50
526,1000000525,SICAL LOPEZ JOSE DANIEL,48,21,38,66
527,1000000526,CASTILLO GAMBOA ELENA ISABEL,93,75,95,49
528,1000000527,FIGUEROA DE LEON JOSE RODRIGO,74,38,4,39
529,1000000528,FLORES TELLEZ LISBETH CLARISSA,31,99,99,4
530,1000000529,LEON SALAZAR ABNER JOSUE ELIAS,9,49,25,4
531,1000000530,ASTURIAS CABRERA MARCELO ANDRES,28,93,43,74
532,1000000531,RAMIREZ CATALAN MARIA ISABEL,13,56,18,83
533,1000000532,SANIC ABAC JOSE GUADALUPE,84,44,56,64
534,1000000533,GATICA VALENZUELA JOSE EDUARDO,52,94,1,50
535,1000000534,VALDEZ MENDEZ MARIA BELEN,11,9,39,91
536,1000000535,TURUY RAXON EDWIN DANIEL,14,49,50,36
537,1000000536,ACALJA TEMAJ FRANKLIN DOUGLAS,57,2,77,72
538,1000000537,FRANCO CORONADO EDUARDO  ALEXANDER,49,87,35,45
539,1000000538,GARCIA CIFUENTES WALESCA  AZUCENA,1,11,39,28
540,1000000539,RODRIGUEZ SALAZAR RENE ALEXANDER,73,76,3,40
541,1000000540,CRUZ ARIZANDIETA ANDREA EUNICE,81,5,70,50
542,1000000541,MENDEZ LOPEZ ASTRY LISBETH,95,16,2,94
543,1000000542,QUI7ONEZ GRAMAJO MICHAEL OVANIO,7,95,44,68
544,1000000543,AJBAL BALAN MAYNOR LEONARDO,40,9,45,24
545,1000000544,DE PAZ CRUZ JENIFER PAOLA,88,54,38,12
546,1000000545,RIVERA QUIROA JAIRO CESAR ANTONIO,99,35,82,57
547,1000000546,ROJAS SAMAYOA JUAN CARLOS,46,13,45,66
548,1000000547,TECU ALVARADO SERGIO,8,11,4,77
549,1000000548,CHEN CASTRO YIN SHIAN,15,1,43,45
550,1000000549,ESTUPINIAN PALMIRA ANDREA MARIA,46,63,12,73
551,1000000550,MONTERROSO GUZMAN JILMAR JAVIER,42,70,75,54
552,1000000551,SANCHEZ BELTETON DULCE MARIA,9,24,34,77
553,1000000552,CARRERA GUTIERREZ JENNIFER PAOLA,48,35,13,2
554,1000000553,CUETO DE LEON LORENA EUNIS,81,36,38,59
555,1000000554,PEREZ ARANA MARIA DEL ROSARIO,95,36,20,85
556,1000000555,MENDEZ CABRERA ANA SOFIA,40,38,14,25
557,1000000556,RAMOS RAMOS LILIAN MARIA,84,79,21,59
558,1000000557,VELASQUEZ LINARES PABLO RENE,47,46,6,34
559,1000000558,DAVILA MALDONADO JAILY DANIELA,83,17,45,68
560,1000000559,SANTA CRUZ SUAREZ JONATHAN STEVE,96,72,9,26
561,1000000560,REYES ESCOBAR ESTEPHANIE  MARIELA,40,91,14,93
562,1000000561,SALAZAR ARRIOLA GUSTAVO ALEXANDER,59,32,69,25
563,1000000562,VASQUEZ  ORDO7EZ DIEGO ANDRES,51,30,79,44
564,1000000563,GRAMAJO SA7EZ JOSELINNE VANNESA,27,33,61,74
565,1000000564,SINEY  BOC DELIA  YOHANA,73,84,25,12
566,1000000565,GALVEZ BAUTISTA MARIA FERNANDA,31,62,22,95
567,1000000566,GAMBOA REGIL JEAN CARLO,18,39,12,43
568,1000000567,PEREZ GONZALEZ MARIA ISABEL,8,89,55,92
569,1000000568,BORRAYO MERIDA SAMUEL ALEJANDRO,49,36,13,11
570,1000000569,BARILLAS GARCIA RUTH NOEMI,30,70,56,49
571,1000000570,LAINFIESTA  GARCIA LUISA  FERNANDA,75,98,57,94
572,1000000571,RUIZ  ZAMORA MARIA GUADALUPE,32,19,6,68
573,1000000572,CARRILLO ANDRINO PABLO ALEJANDRO,20,30,4,88
574,1000000573,RUANO NU7EZ JACKELINE ANDREA,87,74,46,69
575,1000000574,ESTACUY SANTOS MARIA ALEJANDRA,4,52,11,11
576,1000000575,LINARES URIZAR CRISTHA  MARIA,15,79,19,45
577,1000000576,GARCIA IPINA ALEJANDRA NOEMI,61,78,52,73
578,1000000577,HERRERA CISNEROS CARLOS RENE,40,54,46,26
579,1000000578,GONZALEZ DUBON ANTONIO SEBASTIAN,87,49,98,28
580,1000000579,RUANO RUIZ EDDY ENRIQUE,24,40,77,19
581,1000000580,SOC CULAJAY VICTOR MANUEL,0,82,1,25
582,1000000581,BAL PAZ STEPHANO MILTON FRANCISCO,31,17,28,15
583,1000000582,AMBROSIO HERRERA KATHERIN  MISHELL,35,5,2,20
584,1000000583,GOMEZ SUBUYUJ INES ANGELA MARIA,14,49,99,79
585,1000000584,VELASQUEZ ARROYAVE ANA  ESTER,19,70,73,37
586,1000000585,BARRERA CASTELLANOS JHONATAN FABIAN,27,8,24,72
587,1000000586,ESTRADA CRUZ EDWIN GADIEL,3,82,73,61
588,1000000587,GUZMAN DE LEON MARIA FERNANDA DEL ROSARIO,97,57,22,58
589,1000000588,CAN BUCU YEISON MIGUEL,42,75,50,18
590,1000000589,BATRES SILVA GRAZIA MARIA DEL PILAR,11,23,15,12
591,1000000590,CASTELLANOS ARGUETA GLORIA  THALIA,35,24,46,77
592,1000000591,RAMOS TOMA JUAN CARLOS,10,72,61,25
593,1000000592,ALVARADO VALENZUELA DAVID ALEJANDRO,95,87,82,73
594,1000000593,ESCALANTE TOBAR JOSE ANTONIO,84,64,15,54
595,1000000594,SANTOS LOPEZ JOSE IGNACIO,88,95,14,32
596,1000000595,DE PAZ RAMIREZ MARIA MERCEDES,20,75,89,95
597,1000000596,SALGUERO CASTILLO MARIA CELESTE,62,49,97,60
598,1000000597,BARILLAS  NIJ ALEJANDRA MICHELLE,39,83,12,60
599,1000000598,ALVAREZ ORELLANA VICTOR MANUEL,81,85,14,11
600,1000000599,LOPEZ SAQUIL ADRIANA FABIOLA,28,69,88,75
601,1000000600,SALAZAR ALDANA KEVEN JOSUE,95,26,29,57
602,1000000601,LOPEZ SANCHEZ ALVARO HUGO,53,86,2,59
603,1000000602,VICENTE MALDONADO JOSE MIGUEL,38,15,81,32
604,1000000603,TEJADA PALENCIA JOCELYN ADRIANA,8,87,34,21
605,1000000604,ESTEVEZ FUENTES VICTOR HUGO,34,14,46,94
606,1000000605,MUNOZ GALDAMEZ ROBERTO HUGO,41,19,72,0
607,1000000606,RODAS YUPE LUIS ENRIQUE,43,7,6,61
608,1000000607,GOMEZ CASTILLO MARYLYN ESMERALDA,47,25,42,44
609,1000000608,MORENO GONZALEZ SONJA GISSELL ALEJANDRA,80,32,13,98
610,1000000609,BOLANOS ESCOBAR ROSARIO,38,8,84,75
611,1000000610,RAYMUNDO PEREZ GRETEL SARAI,90,57,55,55
612,1000000611,MOLINA CASTILLO SHIRLEY IVANIA,20,49,49,19
613,1000000612,TORRES CASTILLO GUSTAVO RODOLFO,70,41,31,3
614,1000000613,SANTIZO GODOY ELENA SOFIA,36,91,4,73
615,1000000614,ALONZO  GONZALEZ DIONICIO,54,71,7,99
616,1000000615,GARCIA ALFARO ERICK EMILIO,61,18,58,46
617,1000000616,ARENAS LEMUS FERNANDO MIGUEL,16,54,24,79
618,1000000617,SALAZAR TALE ASTRID MICHELLE,50,99,40,8
619,1000000618,MESIAS LOPEZ KELVIN FRANCISCO,49,5,46,81
620,1000000619,ARGUETA DE LEON KAREEN ANDREA,80,80,16,12
621,1000000620,LEY CANEL KARIN MARIBEL,36,72,7,17
622,1000000621,NOVA SANDOVAL DAYANA STHEFANIE,41,28,11,83
623,1000000622,BOLVITO RODRIGUEZ SERGIO DANILO,8,67,66,61
624,1000000623,ARAGON DONIS NESTOR ANDRES,63,86,60,4
625,1000000624,CASTRO MOLINA ELMER ALEXANDER,54,13,92,33
626,1000000625,VELASQUEZ FLORES RUTH ABIGAIL HELLEN,69,61,35,16
627,1000000626,CORDERO BARRIOS FERNANDO DANIEL,50,23,39,73
628,1000000627,MENENDEZ ESTRADA ALIS JANISSE,26,80,90,28
629,1000000628,RAMIREZ MAZARIEGOS FEDERICO GUILLERMO,92,61,77,43
630,1000000629,RIVERA  CHINCHILLA JHONATAN  ALFONSO,0,82,49,7
631,1000000630,HERNANDEZ MORENO JUAN LUIS DAVID,74,64,93,19
632,1000000631,TICURU MIJANGOS GLADYS GABRIELA,53,6,11,77
633,1000000632,AGUILAR ESTRADA ANA LUCIA GUADALUPE,28,11,76,36
634,1000000633,AREVALO PEREZ EYYMY NATALY,41,39,41,73
635,1000000634,CORDON SAZO EDWAR ALEXIS,34,82,53,6
636,1000000635,DAVILA PICHILLA ALLAN EDUARDO,82,85,3,99
637,1000000636,GABRIEL CONTRERAS MARIO ALEJANDRO,52,38,33,31
638,1000000637,GARCIA AGUILAR ALEJANDRA NOEMI,36,3,19,13
639,1000000638,MEJIA MENDEZ MARIO JOSE,43,3,90,68
640,1000000639,TRINIDAD RAMOS SINDY MELISSA,78,14,69,22
641,1000000640,YOCUTE ECUTE ASTRID SULEIDY,80,53,72,31
642,1000000641,QUEME SEQUEN ANGELICA VIOLETA,85,67,87,54
643,1000000642,ESQUITE CATALAN CRISTIAN JAVIER,59,25,35,25
644,1000000643,ALVARADO RODRIGUEZ ESCARLET PRISCILA,55,35,94,74
645,1000000644,PEREZ SONTAY LIDIA RAQUEL,73,96,32,54
646,1000000645,RODRIGUEZ SAZO LUISA MARIA,28,50,71,14
647,1000000646,TOLEDO SALAZAR DAYANA MADAI,98,19,1,42
648,1000000647,VERA ROSALES VALERIA,86,28,90,66
649,1000000648,ROSALES RODRIGUEZ PEDRO JOSE,11,0,43,72
650,1000000649,MELGAR GORDILLO ANA DESIREE,44,35,33,52
651,1000000650,CASTA7EDA MENDEZ PEDRO LUIS,31,40,71,16
652,1000000651,HERNANDEZ GODINEZ MARTA ROCIO,58,72,62,64
653,1000000652,CHUN LOPEZ LUZVIN ARNOLDO,69,6,84,17
654,1000000653,CUYUCH CHITAY DENNYS STEVEN,21,16,47,40
655,1000000654,LOPEZ SOLORZANO KATERIN JOHANA,7,86,91,57
656,1000000655,QUINEZ MENDOZA MAYNOR AROLDO,16,23,42,21
657,1000000656,SOSA PINEDA JENNIFER ANDREA,56,44,80,0
658,1000000657,BARRILEROS LOPEZ MARIA FERNANDA,43,78,66,10
659,1000000658,GUZMAN ZULETA SUSAN DAYANA,60,78,29,12
660,1000000659,CORONADO TAGUA KATHERINE SOFIA,55,68,52,11
661,1000000660,LOPEZ MARTINEZ LUDWIN MANUEL,48,57,82,94
662,1000000661,MARTINEZ GONZALEZ BETSABE NOHEMI,47,84,40,36
663,1000000662,MONZON PEREZ RODRIGO ANTONIO,42,86,45,72
664,1000000663,RUIZ MORALES LUISA FERNANDA,2,2,44,9
665,1000000664,SANCHEZ OROZCO JOANNA ESTEFANNY,85,9,86,35
666,1000000665,UJPAN RAMOS GUSTAVO ADOLFO,88,97,29,85
667,1000000666,GONZALEZ CIFUENTES JORDI PAOLO,41,76,21,22
668,1000000667,DAVILA BARBERENA ANA ROCIO,38,68,54,82
669,1000000668,RABANALES PERDOMO MARIA JOSE,73,17,39,83
670,1000000669,SOSA GIRON MARIA JOSE,84,6,77,95
671,1000000670,ALFARO BARRANCO FLOR DE LIZ,23,3,99,81
672,1000000671,DIAZ QUIROA JACQUELINE ARLETTE,15,21,40,21
673,1000000672,GONZALEZ LOPEZ MARIA JOSE,30,80,80,0
674,1000000673,MARTINEZ WONG SILVIA ANDREA,72,96,66,36
675,1000000674,CONTRERAS CASTELLANOS WALTER MANUEL,62,21,92,80
676,1000000675,GUERRA DE LEON EMILIO JOSUE DE JESUS,18,65,36,86
677,1000000676,MERIDA GALINDO EDGAR ROLANDO,55,24,66,93
678,1000000677,DIAZ MORALES KENNETH JOSUE,32,8,36,95
679,1000000678,VASQUEZ SANTIZO MARIA  IVANA,89,46,89,30
680,1000000679,XOYON ICHAJ REMBRANDT PABLOSKY  JOSELO,16,12,87,96
681,1000000680,RIVERA HERNANDEZ LEISIN EUNICE,33,51,37,68
682,1000000681,ESCOBAR LOPEZ RICARDO ANDRES,27,54,96,36
683,1000000682,MIRANDA LOPEZ ALEJANDRA DEL CARMEN,35,30,37,28
684,1000000683,LEON MEDRANO JUSTO ENRIQUE,55,0,0,20
685,1000000684,VELASQUEZ PINEDA ETHEL ILEANA,61,99,64,52
686,1000000685,GARCIA PINEDA MELANIE YASMINNE,17,18,81,87
687,1000000686,JUAREZ AVENDAÑO FERNANDO JAVIER,90,91,28,55
688,1000000687,NG VALLADARES NATHALIA MARIET,46,51,76,28
689,1000000688,OLIVA SUHUL BERNER IVAN,21,5,39,30
690,1000000689,VEGA GOMEZ NOEL ERNESTO,82,12,15,8
691,1000000690,VILLATORO SALGUERO LISA MARIE,54,57,41,14
692,1000000691,TUCUX PEREZ MARCO ANTONIO,98,82,60,34
693,1000000692,MU7OZ MURALLES JONATHAN DAVID,56,84,44,42
694,1000000693,MORALES DELL PEDRO PABLO,21,21,19,84
695,1000000694,PORTILLO PORTILLO DORIS MICHELLE,9,56,10,50
696,1000000695,GOMEZ RIVERA GUILLERMO RONALDO,34,44,71,98
697,1000000696,LOPEZ VASQUEZ ROCIO SAMAI,10,9,64,98
698,1000000697,TZOC POLANCO JENNIFER MICHELLE,59,95,18,90
699,1000000698,AGUILAR MARTIN KIMBERLY NOEMY,76,28,39,23
700,1000000699,VASQUEZ MARIA DEL ROSARIO,62,37,49,27
701,1000000700,MARROQUIN SANTIZO JUAN FRANCISCO,63,7,77,56
702,1000000701,CASTRO HERNANDEZ EVELYN NOHEMI,33,40,94,92
703,1000000702,POP RECINOS ALVARO AKBAL,3,88,37,54
704,1000000703,RAMIREZ MORENO OTTO ALEJANDRO,30,33,81,28
705,1000000704,DAVILA PAIZ KARLA MARIELA,28,49,91,19
706,1000000705,HERNANDEZ  XICAY JOSUE FERNANDO,86,50,45,17
707,1000000706,HERNANDEZ PEREZ GEDER JOSE AUGUSTO,27,95,10,27
708,1000000707,CHAVARRIA SIC ANTHONY ROGER,24,83,48,63
709,1000000708,ESTRADA GUERRERO MARLON GABRIEL,51,70,60,85
710,1000000709,MENENDEZ IXCAMPARIJ ELI RENE,31,38,89,57
711,1000000710,MOREIRA GOMEZ MADELENE VICTORIA,74,89,69,68
712,1000000711,SALAZAR LEMUS FARID ABRAHAM,67,34,48,61
713,1000000712,MARTINEZ CHINCHILLA JOSELYN MARIA ALEJANDRA,65,73,36,28
714,1000000713,DE LEON CIFUENTES JOSE ALEJANDRO,38,12,62,40
715,1000000714,YOC FUENTES EMELIE ANDREA,33,22,91,68
716,1000000715,LOPEZ QUIRAN ANDREA VANESSA,46,26,41,19
717,1000000716,BATZ PERUCH MONICA DEL ROSARIO,50,64,15,25
718,1000000717,SANDOVAL ORELLANA JUAN FRANCISCO,82,47,73,41
719,1000000718,TELLO SANTOS KHRISTA MICHELLE,63,61,2,97
720,1000000719,LOPEZ CASTA7EDA KAREN ARELI,47,0,69,71
721,1000000720,CARRERA KLIMOWITZ FRITZ SEBASTIAN,50,72,8,15
722,1000000721,JIMENEZ RAXON LESLY NOHEMY,9,1,53,58
723,1000000722,GARCIA ALONZO JULIA MADELEY,80,90,13,54
724,1000000723,BRAVO AJTUN KIMBERLY STEFANY,21,86,97,48
725,1000000724,LOPEZ BARILLAS ESTUARDO ENRIQUE,89,5,9,11
726,1000000725,CRUZ RAMOS DANIEL YAIR,73,28,54,22
727,1000000726,PALMA POLANCO DEYNA ARACELY,71,73,71,12
728,1000000727,ROCA SINAY MARTHA MARIA,48,3,35,91
729,1000000728,GIRON TUN WILMER LEONARDO,51,81,92,27
730,1000000729,AGUSTIN BATRES FLAVIN VALESKA,93,36,48,81
731,1000000730,DE LEON REYES HEIDI MARIA ALEJANDRA,94,29,71,92
732,1000000731,RAMIREZ CONTRERAS LUIS CARLOS ESTUARDO,45,39,74,75
733,1000000732,REYES BARRIOS DIEGO FERNANDO,57,1,98,77
734,1000000733,PEREZ  ZAMORA JENNIFER CINDY VANESSA,65,42,70,15
735,1000000734,XIQUITA PUTZUL HECTOR ALEXANDER,0,59,77,42
736,1000000735,ALVARADO MOLINA DIEGO ALEJANDRO,61,45,3,70
737,1000000736,BRACAMONTE RODRIGUEZ ANDREA ROCIO,1,1,59,81
738,1000000737,CURUCHICH SIMON ANTONIO JOSE JUAN,9,74,69,20
739,1000000738,RUIZ BARBALES HAZELIN ARLETTE,46,81,9,39
740,1000000739,ROLDAN BAL HUGO ALEXANDER,18,0,48,18
741,1000000740,COSAJAY MORALES DANIEL  DE JESUS,92,39,3,40
742,1000000741,CASTILLO GARCIA ANA LUCIA,69,61,97,28
743,1000000742,LOPEZ DEL CID MARJORIE ANDREA,24,33,36,91
744,1000000743,MORAN LEMUS MARIA MERCEDES,47,98,84,52
745,1000000744,GOMEZ RIVERA YENER ISAIAS,47,59,0,21
746,1000000745,SUBUYUJ FLORES LESLY KARINA,39,81,7,96
747,1000000746,LIMA CHIQUIN JENNIFER ALEJANDRA,85,74,36,78
748,1000000747,TORRES ROSALES CLARITA LIZETH,61,10,70,26
749,1000000748,FAJARDO JORDAN RODRIGO ALEJANDRO,93,99,97,10
750,1000000749,PEREZ PATZAN HENGLI AMARILIS,52,94,90,31
751,1000000750,HERNANDEZ BLANDINO HOLGUIER HIRONCIDE NICOLAS,82,43,61,76
752,1000000751,HERNANDEZ VALENZUELA GABRIELA FERNANDA,26,58,62,86
753,1000000752,CRUZ PAZ ANA MELISSA,25,73,81,80
754,1000000753,DUE7AS PEREZ DIANA JULIETA,92,24,19,79
755,1000000754,GONZALEZ OVERALL XIMENA MARIA,98,36,68,25
756,1000000755,DEL CID ALIVAT DORELY ALEJANDRA,69,67,45,53
757,1000000756,RIVERA FUENTES KEVIN JOSUE,62,93,35,20
758,1000000757,AGUILAR ALVARO BOANELJI,65,42,39,58
759,1000000758,BARRERA CANO LESLY JOHANA,1,32,59,91
760,1000000759,GIRON  MENDEZ DENILSSON LEONARDO,85,35,41,51
761,1000000760,MONASTERIO HERNANDEZ MARLON SAUL,65,65,29,83
762,1000000761,ORTIAL CASTELLANOS INGRID CARINA,98,85,54,51
763,1000000762,GOMEZ MENDEZ LIS ALICIA,85,27,87,55
764,1000000763,MATEO MATEO PAOLA BEATRIZ,79,73,39,45
765,1000000764,GONZALEZ BAILEY SOFIA,60,29,95,92
766,1000000765,FLORES CAMPOS MARIA FERNANDA,96,80,62,35
767,1000000766,LUNA PAREDES FABIOLA LUCIA,34,36,63,2
768,1000000767,VILLATORO AVENDAÑO ANGIE DINORA,10,64,5,20
769,1000000768,ZAYAS ORELLANA KIMBERLY ALICIA,11,76,40,67
770,1000000769,GARRIDO MONTERROSO BRAYAN RENE,23,5,96,89
771,1000000770,GONZALEZ RUIZ VIDKE HOSANNA,72,91,37,51
772,1000000771,PAIZ GIRON STEPHANIE PAOLA,69,3,6,68
773,1000000772,LIPEZ FRANCISQUEZ ALEXISS PHYLLIN,2,98,48,13
774,1000000773,MORATAYA MU7OZ DILAN STEVEN,48,56,8,22
775,1000000774,MONTES DE OCA MIRANDA VIANKA JEANETH,36,7,81,59
776,1000000775,MONROY MARTINEZ DANIEL ALEJANDRO,52,39,17,31
777,1000000776,MORALES REYES ADELA ROSALBINA,75,25,11,25
778,1000000777,GUERRA COC MARVIN JOSUE,10,49,47,82
779,1000000778,RUIZ DOMINGUEZ ZURY LILY,39,47,35,88
780,1000000779,ESQUIVEL MISS SHIRLEY PATRICIA,81,8,46,39
781,1000000780,ALEGRIA HERNANDEZ DIEGO RAUL,66,91,57,51
782,1000000781,BRENES MORALES DORA ISABEL,47,26,1,94
783,1000000782,CASTILLO GUDIEL CELESTE ANAVY,53,55,71,37
784,1000000783,ESTRADA RIOS CRYSTAL ABIGAIL,6,72,35,3
785,1000000784,RUANO OCHOA JOSE JOEL,10,85,1,81
786,1000000785,MORALES SANTOS DENILSON MOISES,47,1,19,67
787,1000000786,CHUN HERNANDEZ HUGO JOSUE,79,89,9,33
788,1000000787,CORONADO ELIAS MOISES FERNANDO,66,36,84,7
789,1000000788,GONZALEZ MIRANDA BRYAN ISMAEL ADONIAS,32,36,96,86
790,1000000789,MORALES PAYES MARIA GABRIELA,64,5,99,39
791,1000000790,RIVERA DEL CID DIVA ALEXANDRA,44,18,49,0
792,1000000791,RUIZ TAPERIA VITALINO,24,82,52,60
793,1000000792,CIFUENTES GIRON ADRIANA MELISSA,13,79,9,86
794,1000000793,PEREZ MENDEZ KENDRA JULISSA,54,77,61,90
795,1000000794,SANCHEZ GUZMAN LUIS ANTONIO,78,23,65,72
796,1000000795,DE LOS SANTOS MELLADO MELANIE JANIRA,60,79,76,38
797,1000000796,MELGAR GUERRERO LOURDES LUCIA,44,60,95,69
798,1000000797,VELASQUEZ JERONIMO JENIFER SAMANTHA,74,48,78,84
799,1000000798,CHEW PAZ PAULA MARIA,23,59,11,94
800,1000000799,RODAS PALMA HELLEN IVONNE,48,5,68,90
801,1000000800,ORTIZ CHONAY SARA,48,12,90,36
802,1000000801,CARRERA ORTIZ LIZA DINORA,3,72,4,92
803,1000000802,MORA CARRERA BRANDON  ANDREE,22,22,80,64
804,1000000803,GONZALEZ DUARTE CHRISTOPHER JAVIER,78,49,37,36
805,1000000804,PEREZ CASTELLANOS GABRIELA ALEJANDRA,0,80,12,5
806,1000000805,GARCIA OLIVA DIANA LOURDES,30,53,47,40
807,1000000806,CRUZ DEL CID ANDREA JULISSA,32,82,87,61
808,1000000807,CHAY BARRIOS DANY JOSE ANIBAL,72,28,80,24
809,1000000808,LOVERA DIAZ ANDI SARAI,1,17,81,25
810,1000000809,ORTIZ RAMIREZ MARIA FERNANDA,57,20,43,26
811,1000000810,FOLGAR VANEGAS ALVARO AMILCAR,30,11,6,18
812,1000000811,VASQUEZ PEREZ SHARLYN ESTEFANI,39,75,0,86
813,1000000812,SOYOS LAPOP LUIS FERNANDO,63,17,31,65
814,1000000813,ZAMORA VALDEZ ERICK EDUARDO JASER,72,91,81,82
815,1000000814,CHEN HERNANDEZ ENMA ESTRELLITA,32,83,19,79
816,1000000815,LOPEZ AJCABAL EVELIN MARLENI,26,50,99,45
817,1000000816,HERNANDEZ TECU MELANY,47,36,63,10
818,1000000817,LOPEZ XUYA ELISEO FRANKLYN,37,92,26,90
819,1000000818,ESCOBAR DE LEON CAROL GABRIELA,9,73,23,97
820,1000000819,PASHEL ESTRADA ERWIN ISAI,11,23,91,25
821,1000000820,TUN AJTZALAN EDWIN EZEQUIEL,2,35,77,20
822,1000000821,FUENTES QUI7ONEZ MARVIN JAVIER,50,62,86,46
823,1000000822,MARROQUIN HERNANDEZ MELANY ESMERALDA,21,16,59,27
824,1000000823,HERRARTE BARRIOS NATALY SARAI,86,70,95,16
825,1000000824,VALDEZ HERNANDEZ MARIOLLY NOHEMI,61,19,45,12
826,1000000825,BALLEJOS GARCIA JOSE EDUARDO,14,12,86,88
827,1000000826,YEC PEREZ ELENA ISABEL,38,79,92,46
828,1000000827,COC REYES YESSENIA NOHEMY,85,50,40,33
829,1000000828,SIPAQUE MARTIN CHRISTIAN FERNANDO,49,1,67,96
830,1000000829,POCON MARROQUIN YASMIN  ELIZABETH,84,72,84,56
831,1000000830,BARRIOS DE LOS REYES MARLON ALI,85,86,3,78
832,1000000831,GUERRA CASTA7EDA BRANDON ODANELL,6,94,62,37
833,1000000832,MERIDA ANTON MELISSA STEPHANIA,35,50,68,35
834,1000000833,OLIVA DE LA ROSA EMILY PAMELA,23,93,86,24
835,1000000834,DONIS SANCHEZ HEISEL MICHELLE,73,52,51,43
836,1000000835,ORDO7EZ JUAREZ CARLOS FEDERICO,71,71,7,50
837,1000000836,ESCOBEDO MENDEZ GERALDINNE CRISTINA,95,78,78,62
838,1000000837,GUAMUCHE GALVEZ EMILY VERONICA,34,37,21,69
839,1000000838,JUAREZ SACOL LENIS DANIELA,57,75,35,10
840,1000000839,HERRERA ALVAREZ MARIA ESPERANZA,84,72,16,26
841,1000000840,ALVAREZ MARROQUIN MARIA ANTONIA,32,1,46,16
842,1000000841,MONTERROSO MARTINEZ MARIA AZUCENA,4,14,94,6
843,1000000842,MAGANA MENCHU FREDDY ANTONIO,77,43,28,77
844,1000000843,VASQUEZ XIQUIN DIEGO FERNANDO,23,63,37,24
845,1000000844,YANTUCHE PIRIR WILLIAM DANIEL,96,39,45,39
846,1000000845,HERNANDEZ LOPEZ CARLOS ANDRES,13,16,9,56
847,1000000846,RODRIGUEZ SAMAYOA GABRIEL ENRIQUE,22,84,11,50
848,1000000847,TELLO CAAL MARIO RENE,40,62,4,27
849,1000000848,ASENSIO PORTILLA ANDREA MARIA,63,3,14,91
850,1000000849,PEREIRA CHACON SIHOMARA,71,1,79,89
851,1000000850,AGUILAR ABRIL HEIDY  MISHELL,83,42,80,54
852,1000000851,CRUZ CALI LOURDES ANDREA,83,84,43,74
853,1000000852,GONZALEZ  MORALES IVO FRANCISCO,16,2,80,30
854,1000000853,SOYOS  GARCIA LESBIA MARIBEL,10,63,85,97
855,1000000854,FINO HURTARTE WILLIAM RENE,29,99,56,39
856,1000000855,ROLDAN RECINOS ANDY ALEXANDER,31,10,54,35
857,1000000856,TIZOL HERNANDEZ PAOLA RAQUEL,84,51,22,98
858,1000000857,SANCHEZ ARRIAZA ABNER ISMAEL,2,54,40,35
859,1000000858,ICUTE BAUTISTA PABLO JAVIER,68,11,59,21
860,1000000859,JOCON BARAHONA EDWIN OSWALDO,56,22,11,90
861,1000000860,ACAN SATZ VICTOR ALFONSO,85,96,18,84
862,1000000861,LEIVA PERLA LUZ DE ESPERANZA GABRIELA,43,4,97,6
863,1000000862,VASQUEZ AJUCHAN KARLA JOCABED,36,95,94,18
864,1000000863,ANDRADE SAMAYOA LUIS ESTEBAN,84,65,41,60
865,1000000864,ARCHILA ALVAREZ KEVIN FERNANDO,24,32,34,93
866,1000000865,SANCHEZ RAMIREZ CRISTOFER LEONEL,52,80,54,0
867,1000000866,FLORES CASTELLANOS FERNANDA MARISOL,65,38,99,19
868,1000000867,PEREZ HERNANDEZ MONICA JEANNETTE,4,70,27,44
869,1000000868,GARCIA PATZAN CATERIN ALEXANDRA,93,51,89,79
870,1000000869,MENDEZ GARCIA YOSELIN  VIVIANA,41,46,14,84
871,1000000870,RAMIREZ  CRUZ CHRYSTIN YADIRA,82,47,99,49
872,1000000871,ZAMORA ALVARADO VIVIAN ALEJANDRA,56,11,78,2
873,1000000872,BARILLAS CASTILLO MONICA,33,72,68,0
874,1000000873,ROSALES POSADAS DAVID RENATO,98,67,43,47
875,1000000874,GOMEZ BARRIOS MAYRON DANIEL DE JESUS,92,23,33,66
876,1000000875,GUZMAN AYALA RODOLFO ISMAEL,74,21,34,40
877,1000000876,VICENTE MORATAYA MARIO ANDRE,97,9,13,28
878,1000000877,MORALES VALLE INGRID PAOLA,45,6,68,91
879,1000000878,COJoN AJVIX DENILSON MANUEL,81,81,74,54
880,1000000879,ORTIZ FRANCO KATHERINE STEPHANIE,16,34,34,57
881,1000000880,AJANEL GUTIERREZ DILAN ADOLFO,63,15,52,82
882,1000000881,CARIAS MARROQUIN LUIS DAVID,4,71,84,82
883,1000000882,CIFUENTES CIFUENTES JOSE ANDRES,11,85,31,53
884,1000000883,DE LEON RODOLFO ANTONIO,39,95,14,78
885,1000000884,JUAREZ PALENCIA YULAISA SARAI,63,65,19,17
886,1000000885,MENDOZA GOMEZ ARELY ESTEFANIA,40,59,8,45
887,1000000886,SABINO NAVAS MYNOR RICARDO,37,40,48,77
888,1000000887,PUAC COSHOLCA MARIA LOURDES,62,98,77,53
889,1000000888,PELLECER DUBON JOSE RUBEN MISAEL,60,22,4,37
890,1000000889,VARGAS BARRIOS JOSE DAVID,12,36,24,19
891,1000000890,FONG BOL NATALIE AYLIN,8,92,67,75
892,1000000891,GARCIA  ALMARAZ BERLY ALEJANDRA,76,82,90,50
893,1000000892,FELIPE CAX BRYAN ALEXANDER,29,30,94,62
894,1000000893,BARRUTIA  DE LA ROSA MARIA FERNANDA,3,26,91,51
895,1000000894,RODRIGUEZ PEDROZA HENRY DAVID,94,84,8,78
896,1000000895,GOMEZ AGUILAR JONATAN FRANCISCO,47,64,45,2
897,1000000896,ESTRADA CABRERA KENNET KALEF,98,99,47,20
898,1000000897,LOPEZ QUINA EDDY NEHEMIAS,57,34,33,62
899,1000000898,MARIN MONTES DE OCA ANDREA LIZBETH,0,22,4,86
900,1000000899,ROSALES LEMUS BEATRIZ ANGELICA,59,22,58,57
901,1000000900,ORDO7EZ CURUP JULIO ENRIQUE,90,19,54,93
902,1000000901,CASTELLANOS PEREZ WAGNER ADAN,88,73,93,44
903,1000000902,ARRIOLA GARCIA ANDREA CELESTE,2,3,50,47
904,1000000903,GARCIA GARCIA ANDREA FERNANDA,47,22,31,80
905,1000000904,GUEVARA ALVAREZ REYNALDO ENRIQUE,24,51,38,87
906,1000000905,MACZUL TZIRIN KELVIN RODOLFO,8,32,76,24
907,1000000906,RAMIREZ CHAVEZ FERNANDO DAVID,69,43,13,72
908,1000000907,RIOS MUZ ESTEFANY HORTENCIA,83,96,42,53
909,1000000908,RIVAS BRAN MARIA LAURA,14,66,36,62
910,1000000909,TELON VALLE VICTORIA ELIZABET,23,42,46,70
911,1000000910,RAMOS ROMAN STEPHANIE JULISSA,11,69,55,43
912,1000000911,JIMENEZ GONZALEZ MARLEN DENISSE,40,53,9,36
913,1000000912,HERRERA MARTINEZ JORGE LUIS,33,52,24,73
914,1000000913,ESTRADA SILVESTRE JONATHAN ANIBAL,39,86,16,59
915,1000000914,GARCIA LEMUS SHEYLA VANESSA,13,21,11,58
916,1000000915,MOTA MELGAR ANA LETICIA,12,55,75,15
917,1000000916,CRUZ VILLAGRAN KENNETT ALEXANDER,76,63,21,83
918,1000000917,GARCIA MARROQUIN JACQUELINE PAOLA,46,6,96,83
919,1000000918,TZUL LACAN MARINA ELIZABETH,91,3,90,63
920,1000000919,REYES FIGUEROA PABLO CESAR,19,14,72,21
921,1000000920,ESPA7A SILIEZAR JAQUELYN ANDREA,76,50,32,82
922,1000000921,MAYA CASTILLO MARCOS STEBAN,12,56,31,26
923,1000000922,DIAZ SUHUL ROSA MARIA DE LOS ANGELES,35,54,25,32
924,1000000923,CU SIERRA CARLOS RODOLFO,52,63,1,33
925,1000000924,PANTALEON ARAGON HECTOR VINICIO,28,22,80,82
926,1000000925,HERNANDEZ LEMUS IVANYA SARAI,51,47,93,69
927,1000000926,RONQUILLO LUCERO JHONNY ALEXANDER,77,68,39,28
928,1000000927,DIAZ GODOY YEFRIN  IVAN,24,46,98,46
929,1000000928,NIX NIX JUAN ARMANDO,74,93,71,11
930,1000000929,AJCIGINAC CANEL MARIA VICTORIA,0,46,69,75
931,1000000930,QUINTEROS VIDES CARLOS FERNANDO,45,27,80,3
932,1000000931,CHAVAJAY CHAVAJAY JUAN PABLO,46,75,9,32
933,1000000932,COX TAY GERSON AGUST3N,80,64,46,88
934,1000000933,CAP COY CARLOS FERNANDO,73,61,1,96
935,1000000934,XAJPOT BATZ EVELYN MARISOL,38,92,52,0
936,1000000935,TOJ LOPEZ ASTRID KARINA,7,15,50,59
937,1000000936,SUM SANTIZO JOSUE EMANUEL DE JESUS,79,82,70,98
938,1000000937,SOLIS  ACEYTUNO EDDY  OSWALDO,25,77,20,62
939,1000000938,IBA7EZ RAC ANDREA EUNICE,92,97,19,74
940,1000000939,PINEDA GALINDO GUILLERMO ALEJANDRO,96,32,86,12
941,1000000940,CORADO Y CORADO PABLO IGNACIO,15,37,7,40
942,1000000941,AGUILAR WILBER ALEXANDER,88,88,34,91
943,1000000942,VASQUEZ PINEDA ERICK EMMANUEL,68,12,20,24
944,1000000943,CRUZ AGUILAR JOSE ANDRES,11,69,86,56
945,1000000944,SALGUERO VELASQUEZ KATHERYN BELLA STHEPHANY,43,43,32,90
946,1000000945,MAX VIRULA DAMARIS BETHZAIDA,24,72,14,84
947,1000000946,PINEDA DE LEON ANA  RUTH,23,0,37,48
948,1000000947,ARANGO LOPEZ RANDY ALEJANDRO,15,85,98,20
949,1000000948,PEREZ RANDY  LIZARDO,30,48,28,20
950,1000000949,MORALES VILLATORO ANGEL SAUL,42,65,21,37
951,1000000950,DE LEON VELASQUEZ MARIA DE LOS ANGELES,11,46,83,93
952,1000000951,MERIDA  MAZARIEGOS PABLO ANDRES,84,24,4,9
953,1000000952,CARRETO COTO KEVEEN BENJAMIN,21,31,21,44
954,1000000953,SANTIZO  PEREZ YASHEIRA LINDSAHI,40,77,45,41
955,1000000954,CAL HERNANDEZ ALVARO  FERNANDO,64,82,47,52
956,1000000955,FAJARDO DIAZ JOSSELINE MILAGRO,95,44,94,41
957,1000000956,AJSIVINAC BUCH WALTER ALEJANDRO,96,31,99,14
958,1000000957,HERNADEZ  HERRERA GELWER EDUARDO,6,7,84,99
959,1000000958,ORTIZ DURAN KAREN GUADALUPE,1,82,52,35
960,1000000959,HERNANDEZ MOSCOSO EMANUEL ISAAC,10,76,13,20
961,1000000960,GARCIA BRAN DARLYN  PAMELA,96,56,68,46
962,1000000961,BARILLAS JIMENEZ JUAN DANIEL,42,2,23,26
963,1000000962,GAMEZ GARCIA JOSE ABELARDO,24,57,72,94
964,1000000963,RAMIREZ GUZMAN ANA GRACIELA,4,48,38,17
965,1000000964,DIAZ CIRIN LUCIA DEL ROSARIO,45,35,0,95
966,1000000965,DAETZ SOLORZANO HUGO ALEJANDRO,53,11,61,73
967,1000000966,INTERIANO TRIBOUILLIER OSCAR ESTEBAN,33,7,64,30
968,1000000967,CORTEZ LEMUS DIANA GABRIELA,75,35,21,6
969,1000000968,LAPARRA MARROQUIN GRELLY MICHELLE,30,36,6,58
970,1000000969,ALVARADO  MOTTA DIEGO ALEJANDRO,59,87,42,31
971,1000000970,SAJQUIM OCHOA SARA ARGENTINA,31,90,57,40
972,1000000971,MEDINA ROSALES KEVIN RAFAEL,12,69,63,93
973,1000000972,MONTES MALDONADO DAPHNE JEANNETTE,87,38,5,31
974,1000000973,REYNA ZEA LAURA MARIA,64,83,31,61
975,1000000974,CHOC ESPINALES OSWALDO,55,43,56,55
976,1000000975,ESTRADA FOLGAR NIXON ENRIQUE,45,87,55,5
977,1000000976,URBINA IRUNGARAY LUISA FERNANDA,39,68,27,88
978,1000000977,PORTILLO CHOZ WENINTON PAUL,53,96,85,94
979,1000000978,VASQUEZ VEGA MARCO ALEJANDRO,86,7,7,16
980,1000000979,GARCIA CASTELLANOS DERICK RICARDO,37,29,51,80
981,1000000980,LOPEZ DE LEON STEPHANIE JULISSA,44,85,96,21
982,1000000981,ALVIZURES GOMEZ JONATHAN EMANUEL,53,98,83,71
983,1000000982,CHUN LARA SERGIO DAVID,91,22,71,41
984,1000000983,CHOY CHOC SILVIA MISHELL,79,78,5,3
985,1000000984,CULAJAY SARAVIA ERICK ROBERTO,93,36,64,91
986,1000000985,ROJAS CIPRIAN SELVIN,6,30,45,50
987,1000000986,BARRIENTOS BARRIOS WALTER GEOVANI,45,21,58,33
988,1000000987,ALCANTARA AZURDIA ALMENDRA  CRISTINA,15,52,39,53
989,1000000988,MALDONADO ALEMAN LENNIN OMAR,15,53,12,53
990,1000000989,ALVAREZ CABRERA WENDY GABRIELA,23,73,2,43
991,1000000990,RODAS SOTO XIMENA,82,83,81,71
992,1000000991,LOPEZ RAMOS ALAN RENATO,66,28,86,93
993,1000000992,CHITAY BAC ELIUB NAPOLEON,41,32,3,85
994,1000000993,BARRIOS GONZALEZ CLAUDIA MISHELL,37,75,72,28
995,1000000994,CHUGA GOMEZ DAMARIS ESTHER,27,98,59,46
996,1000000995,MIJANGOS LUNA MARIA FERNANDA,99,35,49,68
997,1000000996,BURRION BURRION ERVIN GEOVANY,65,39,17,90
998,1000000997,LEIVA ORTIZ OSCAR ENRIQUE,45,74,76,94
999,1000000998,LEAL POSADAS ERWING EDUARDO,57,86,42,89
1000,1000000999,CHACON RIVERA STEPHANIE MARIA,81,62,40,54
1001,1000001000,GIRON RODAS RICARDO ALFREDO,65,9,15,3
1002,1000001001,RUIZ AGUILAR JAVIER ESTUARDO,45,62,53,56
1003,1000001002,ORTIZ ABDALLA WERNER  JOSUE,44,31,90,28
1004,1000001003,QUAN FIGUEROA MARIA FERNANDA,83,47,42,6
1005,1000001004,FLORES GOMEZ DIEGO  JOSE,34,71,1,75
1006,1000001005,SOTO FRANCO IVAN,60,48,35,99
1007,1000001006,JACOBO SAMAYOA JEISON  IVAN,26,62,70,45
1008,1000001007,DIAZ SAC RICARDO LEONEL,71,75,45,61
1009,1000001008,JERONIMO CHACON EDGAR MOISES,52,59,11,60
1010,1000001009,CALEL LOPEZ GELSON NATANAEL,70,65,4,2
1011,1000001010,CASIANO CHURRUMIA RENATO ANDRE,60,54,5,70
1012,1000001011,DAVILA DE LA CRUZ ELLIOTT ROBERTO,46,54,1,40
1013,1000001012,LOPEZ RAMIREZ YOSELIN ANABELLA,80,54,95,70
1014,1000001013,ILEANA ANDREA XAJPOT TOCAY,10,73,14,86
1015,1000001014,JURGEN GERARDO SALAZAR JIMENEZ,1,80,43,59
1016,1000001015,MARIO RENE CARBAJAL HERNANDEZ,68,13,61,9
1017,1000001016,VANESSA ELIZABETH AQUINO MORAN,94,12,29,51
1018,1000001017,BRAYAN RICARDO RAMIREZ ORTIZ,92,12,98,37
1019,1000001018,BRAYAN RICARDO RAMIREZ ORTIZ,69,72,88,17
1020,1000001019,BRAYAN RICARDO RAMIREZ ORTIZ,28,63,31,31
1021,1000001020,BRAYAN RICARDO RAMIREZ ORTIZ,38,25,21,11
1022,1000001021,BRAYAN RICARDO RAMIREZ ORTIZ,89,40,36,62
1023,1000001022,BRAYAN RICARDO RAMIREZ ORTIZ,37,44,29,10
1024,1000001023,BRAYAN RICARDO RAMIREZ ORTIZ,17,88,0,78
1025,1000001024,BRAYAN RICARDO RAMIREZ ORTIZ,17,62,42,75
1026,1000001025,BRAYAN RICARDO RAMIREZ ORTIZ,40,32,13,18
1027,1000001026,BRAYAN RICARDO RAMIREZ ORTIZ,6,18,50,13
1028,1000001027,BRAYAN RICARDO RAMIREZ ORTIZ,25,99,96,43
1029,1000001028,BRAYAN RICARDO RAMIREZ ORTIZ,11,49,60,94
1030,1000001029,BRAYAN RICARDO RAMIREZ ORTIZ,21,58,28,65
1031,1000001030,BRAYAN RICARDO RAMIREZ ORTIZ,5,12,35,53
1032,1000001031,BRAYAN RICARDO RAMIREZ ORTIZ,45,13,14,4
1033,1000001032,BRAYAN RICARDO RAMIREZ ORTIZ,28,22,90,78
1034,1000001033,BRAYAN RICARDO RAMIREZ ORTIZ,36,20,6,5
1035,1000001034,BRAYAN RICARDO RAMIREZ ORTIZ,77,36,42,83
1036,1000001035,BRAYAN RICARDO RAMIREZ ORTIZ,11,1,68,89
1037,1000001036,BRAYAN RICARDO RAMIREZ ORTIZ,80,29,50,85
1038,1000001037,BRAYAN RICARDO RAMIREZ ORTIZ,69,79,53,36
1039,1000001038,BRAYAN RICARDO RAMIREZ ORTIZ,85,42,88,57
1040,1000001039,BRAYAN RICARDO RAMIREZ ORTIZ,37,60,17,94
1041,1000001040,BRAYAN RICARDO RAMIREZ ORTIZ,93,96,38,28
1042,1000001041,BRAYAN RICARDO RAMIREZ ORTIZ,63,28,12,94
1043,1000001042,BRAYAN RICARDO RAMIREZ ORTIZ,14,89,93,33
1044,1000001043,BRAYAN RICARDO RAMIREZ ORTIZ,87,47,12,0
1045,1000001044,BRAYAN RICARDO RAMIREZ ORTIZ,44,44,6,51
1046,1000001045,BRAYAN RICARDO RAMIREZ ORTIZ,57,60,71,17
1047,1000001046,BRAYAN RICARDO RAMIREZ ORTIZ,84,60,36,74
1048,1000001047,BRAYAN RICARDO RAMIREZ ORTIZ,52,47,24,50
1049,1000001048,BRAYAN RICARDO RAMIREZ ORTIZ,35,80,62,9
1050,1000001049,BRAYAN RICARDO RAMIREZ ORTIZ,51,84,66,83
1051,1000001050,BRAYAN RICARDO RAMIREZ ORTIZ,60,92,74,83
1052,1000001051,BRAYAN RICARDO RAMIREZ ORTIZ,53,99,87,16
1053,1000001052,BRAYAN RICARDO RAMIREZ ORTIZ,84,18,65,22
1054,1000001053,BRAYAN RICARDO RAMIREZ ORTIZ,27,34,32,81
1055,1000001054,BRAYAN RICARDO RAMIREZ ORTIZ,81,58,71,28
1056,1000001055,BRAYAN RICARDO RAMIREZ ORTIZ,55,50,22,30
1057,1000001056,BRAYAN RICARDO RAMIREZ ORTIZ,63,93,52,42
1058,1000001057,BRAYAN RICARDO RAMIREZ ORTIZ,98,30,57,56
1059,1000001058,BRAYAN RICARDO RAMIREZ ORTIZ,73,67,90,12
1060,1000001059,BRAYAN RICARDO RAMIREZ ORTIZ,4,79,80,7
1061,1000001060,BRAYAN RICARDO RAMIREZ ORTIZ,48,1,56,75
1062,1000001061,BRAYAN RICARDO RAMIREZ ORTIZ,18,21,80,79
1063,1000001062,BRAYAN RICARDO RAMIREZ ORTIZ,96,10,89,26
1064,1000001063,BRAYAN RICARDO RAMIREZ ORTIZ,77,37,61,26
1065,1000001064,BRAYAN RICARDO RAMIREZ ORTIZ,18,24,53,35
1066,1000001065,BRAYAN RICARDO RAMIREZ ORTIZ,10,93,95,98
1067,1000001066,BRAYAN RICARDO RAMIREZ ORTIZ,60,28,92,43
1068,1000001067,BRAYAN RICARDO RAMIREZ ORTIZ,55,66,57,12
1069,1000001068,BRAYAN RICARDO RAMIREZ ORTIZ,66,89,0,41
1070,1000001069,BRAYAN RICARDO RAMIREZ ORTIZ,68,54,94,13
1071,1000001070,BRAYAN RICARDO RAMIREZ ORTIZ,85,23,58,4
1072,1000001071,BRAYAN RICARDO RAMIREZ ORTIZ,2,29,70,69
1073,1000001072,BRAYAN RICARDO RAMIREZ ORTIZ,53,10,15,51
1074,1000001073,BRAYAN RICARDO RAMIREZ ORTIZ,65,77,16,29
1075,1000001074,BRAYAN RICARDO RAMIREZ ORTIZ,30,89,20,42
1076,1000001075,BRAYAN RICARDO RAMIREZ ORTIZ,84,20,48,15
1077,1000001076,BRAYAN RICARDO RAMIREZ ORTIZ,86,62,27,41
1078,1000001077,BRAYAN RICARDO RAMIREZ ORTIZ,43,33,45,38
1079,1000001078,BRAYAN RICARDO RAMIREZ ORTIZ,59,99,28,93
1080,1000001079,BRAYAN RICARDO RAMIREZ ORTIZ,75,86,3,66
1081,1000001080,BRAYAN RICARDO RAMIREZ ORTIZ,30,37,83,8
1082,1000001081,BRAYAN RICARDO RAMIREZ ORTIZ,7,75,2,70
1083,1000001082,BRAYAN RICARDO RAMIREZ ORTIZ,82,94,63,48
1084,1000001083,BRAYAN RICARDO RAMIREZ ORTIZ,10,29,48,31
1085,1000001084,BRAYAN RICARDO RAMIREZ ORTIZ,42,43,22,42
1086,1000001085,BRAYAN RICARDO RAMIREZ ORTIZ,93,8,89,85
1087,1000001086,BRAYAN RICARDO RAMIREZ ORTIZ,29,37,52,1
1088,1000001087,BRAYAN RICARDO RAMIREZ ORTIZ,35,18,7,47
1089,1000001088,BRAYAN RICARDO RAMIREZ ORTIZ,48,67,1,98
1090,1000001089,BRAYAN RICARDO RAMIREZ ORTIZ,58,16,32,27
1091,1000001090,BRAYAN RICARDO RAMIREZ ORTIZ,5,75,53,24
1092,1000001091,BRAYAN RICARDO RAMIREZ ORTIZ,86,83,50,28
1093,1000001092,BRAYAN RICARDO RAMIREZ ORTIZ,35,93,97,47
1094,1000001093,BRAYAN RICARDO RAMIREZ ORTIZ,27,78,73,14
1095,1000001094,BRAYAN RICARDO RAMIREZ ORTIZ,72,52,43,39
1096,1000001095,BRAYAN RICARDO RAMIREZ ORTIZ,79,19,8,55
1097,1000001096,BRAYAN RICARDO RAMIREZ ORTIZ,91,86,49,33
1098,1000001097,BRAYAN RICARDO RAMIREZ ORTIZ,65,31,56,4
1099,1000001098,BRAYAN RICARDO RAMIREZ ORTIZ,13,38,76,33
1100,1000001099,BRAYAN RICARDO RAMIREZ ORTIZ,23,71,98,73
1101,1000001100,BRAYAN RICARDO RAMIREZ ORTIZ,52,20,87,98
1102,1000001101,BRAYAN RICARDO RAMIREZ ORTIZ,17,26,72,85
1103,1000001102,BRAYAN RICARDO RAMIREZ ORTIZ,28,14,46,54
1104,1000001103,BRAYAN RICARDO RAMIREZ ORTIZ,45,29,38,43
1105,1000001104,BRAYAN RICARDO RAMIREZ ORTIZ,5,85,96,19
1106,1000001105,BRAYAN RICARDO RAMIREZ ORTIZ,61,41,91,42
1107,1000001106,BRAYAN RICARDO RAMIREZ ORTIZ,4,64,14,48
1108,1000001107,BRAYAN RICARDO RAMIREZ ORTIZ,38,5,70,93
1109,1000001108,BRAYAN RICARDO RAMIREZ ORTIZ,99,23,69,14
1110,1000001109,BRAYAN RICARDO RAMIREZ ORTIZ,30,70,53,58
1111,1000001110,BRAYAN RICARDO RAMIREZ ORTIZ,21,26,45,96
1112,1000001111,BRAYAN RICARDO RAMIREZ ORTIZ,20,20,71,14
1113,1000001112,BRAYAN RICARDO RAMIREZ ORTIZ,0,58,90,53
1114,1000001113,BRAYAN RICARDO RAMIREZ ORTIZ,57,79,50,79
1115,1000001114,BRAYAN RICARDO RAMIREZ ORTIZ,36,49,8,72
1116,1000001115,BRAYAN RICARDO RAMIREZ ORTIZ,23,70,78,75
1117,1000001116,BRAYAN RICARDO RAMIREZ ORTIZ,68,48,10,46
1118,1000001117,BRAYAN RICARDO RAMIREZ ORTIZ,79,42,61,21
1119,1000001118,BRAYAN RICARDO RAMIREZ ORTIZ,97,14,86,10
1120,1000001119,BRAYAN RICARDO RAMIREZ ORTIZ,79,6,93,70
1121,1000001120,BRAYAN RICARDO RAMIREZ ORTIZ,73,30,59,39
1122,1000001121,BRAYAN RICARDO RAMIREZ ORTIZ,62,31,85,38
1123,1000001122,BRAYAN RICARDO RAMIREZ ORTIZ,39,57,48,95
1124,1000001123,BRAYAN RICARDO RAMIREZ ORTIZ,48,93,5,83
1125,1000001124,BRAYAN RICARDO RAMIREZ ORTIZ,24,86,38,68
1126,1000001125,BRAYAN RICARDO RAMIREZ ORTIZ,1,95,26,36
1127,1000001126,BRAYAN RICARDO RAMIREZ ORTIZ,2,50,32,52
1128,1000001127,BRAYAN RICARDO RAMIREZ ORTIZ,41,79,95,96
1129,1000001128,BRAYAN RICARDO RAMIREZ ORTIZ,57,6,52,43
1130,1000001129,BRAYAN RICARDO RAMIREZ ORTIZ,20,97,67,40
1131,1000001130,BRAYAN RICARDO RAMIREZ ORTIZ,44,1,89,70
1132,1000001131,BRAYAN RICARDO RAMIREZ ORTIZ,79,44,56,1
1133,1000001132,BRAYAN RICARDO RAMIREZ ORTIZ,17,77,33,79
1134,1000001133,BRAYAN RICARDO RAMIREZ ORTIZ,62,31,6,15
1135,1000001134,BRAYAN RICARDO RAMIREZ ORTIZ,67,94,39,23
1136,1000001135,BRAYAN RICARDO RAMIREZ ORTIZ,55,67,91,65
1137,1000001136,BRAYAN RICARDO RAMIREZ ORTIZ,3,52,91,57
1138,1000001137,BRAYAN RICARDO RAMIREZ ORTIZ,76,93,79,40
1139,1000001138,BRAYAN RICARDO RAMIREZ ORTIZ,40,55,88,18
1140,1000001139,BRAYAN RICARDO RAMIREZ ORTIZ,27,59,37,99
1141,1000001140,BRAYAN RICARDO RAMIREZ ORTIZ,18,59,56,39
1142,1000001141,BRAYAN RICARDO RAMIREZ ORTIZ,86,53,43,23
1143,1000001142,BRAYAN RICARDO RAMIREZ ORTIZ,35,66,56,43
1144,1000001143,BRAYAN RICARDO RAMIREZ ORTIZ,11,24,57,71
1145,1000001144,BRAYAN RICARDO RAMIREZ ORTIZ,72,89,56,1
1146,1000001145,BRAYAN RICARDO RAMIREZ ORTIZ,69,58,46,89
1147,1000001146,BRAYAN RICARDO RAMIREZ ORTIZ,58,86,69,53
1148,1000001147,BRAYAN RICARDO RAMIREZ ORTIZ,18,87,64,31
1149,1000001148,BRAYAN RICARDO RAMIREZ ORTIZ,88,22,85,32
1150,1000001149,BRAYAN RICARDO RAMIREZ ORTIZ,7,49,55,95
1151,1000001150,BRAYAN RICARDO RAMIREZ ORTIZ,1,40,57,37
1152,1000001151,BRAYAN RICARDO RAMIREZ ORTIZ,75,40,6,82
1153,1000001152,BRAYAN RICARDO RAMIREZ ORTIZ,69,27,97,42
1154,1000001153,BRAYAN RICARDO RAMIREZ ORTIZ,50,4,78,23
1155,1000001154,BRAYAN RICARDO RAMIREZ ORTIZ,75,6,16,37
1156,1000001155,BRAYAN RICARDO RAMIREZ ORTIZ,96,64,91,51
1157,1000001156,BRAYAN RICARDO RAMIREZ ORTIZ,61,4,97,44
1158,1000001157,BRAYAN RICARDO RAMIREZ ORTIZ,50,94,40,95
1159,1000001158,BRAYAN RICARDO RAMIREZ ORTIZ,79,66,86,48
1160,1000001159,BRAYAN RICARDO RAMIREZ ORTIZ,45,71,72,22
1161,1000001160,BRAYAN RICARDO RAMIREZ ORTIZ,85,9,62,40
1162,1000001161,BRAYAN RICARDO RAMIREZ ORTIZ,17,75,48,73
1163,1000001162,BRAYAN RICARDO RAMIREZ ORTIZ,44,61,83,58
1164,1000001163,BRAYAN RICARDO RAMIREZ ORTIZ,38,12,64,56
1165,1000001164,BRAYAN RICARDO RAMIREZ ORTIZ,57,3,53,78
1166,1000001165,BRAYAN RICARDO RAMIREZ ORTIZ,31,79,18,81
1167,1000001166,BRAYAN RICARDO RAMIREZ ORTIZ,5,12,43,83
1168,1000001167,BRAYAN RICARDO RAMIREZ ORTIZ,41,8,34,78
1169,1000001168,BRAYAN RICARDO RAMIREZ ORTIZ,80,95,57,21
1170,1000001169,BRAYAN RICARDO RAMIREZ ORTIZ,86,47,89,5
1171,1000001170,BRAYAN RICARDO RAMIREZ ORTIZ,59,36,35,31
1172,1000001171,BRAYAN RICARDO RAMIREZ ORTIZ,8,59,6,54
1173,1000001172,BRAYAN RICARDO RAMIREZ ORTIZ,24,12,25,82
1174,1000001173,BRAYAN RICARDO RAMIREZ ORTIZ,89,65,93,15
1175,1000001174,BRAYAN RICARDO RAMIREZ ORTIZ,47,37,77,72
1176,1000001175,BRAYAN RICARDO RAMIREZ ORTIZ,13,57,56,30
1177,1000001176,BRAYAN RICARDO RAMIREZ ORTIZ,79,55,33,73
1178,1000001177,BRAYAN RICARDO RAMIREZ ORTIZ,83,39,20,78
1179,1000001178,BRAYAN RICARDO RAMIREZ ORTIZ,25,87,15,27
1180,1000001179,BRAYAN RICARDO RAMIREZ ORTIZ,25,91,15,62
1181,1000001180,BRAYAN RICARDO RAMIREZ ORTIZ,96,87,42,15
1182,1000001181,BRAYAN RICARDO RAMIREZ ORTIZ,38,66,34,79
1183,1000001182,BRAYAN RICARDO RAMIREZ ORTIZ,53,84,18,65
1184,1000001183,BRAYAN RICARDO RAMIREZ ORTIZ,74,51,56,8
1185,1000001184,BRAYAN RICARDO RAMIREZ ORTIZ,98,3,87,69
1186,1000001185,BRAYAN RICARDO RAMIREZ ORTIZ,56,57,90,36
1187,1000001186,BRAYAN RICARDO RAMIREZ ORTIZ,75,99,30,26
1188,1000001187,BRAYAN RICARDO RAMIREZ ORTIZ,62,22,0,17
1189,1000001188,BRAYAN RICARDO RAMIREZ ORTIZ,84,36,57,25
1190,1000001189,BRAYAN RICARDO RAMIREZ ORTIZ,46,48,93,30
1191,1000001190,BRAYAN RICARDO RAMIREZ ORTIZ,22,0,31,42
1192,1000001191,BRAYAN RICARDO RAMIREZ ORTIZ,63,86,98,71
1193,1000001192,BRAYAN RICARDO RAMIREZ ORTIZ,97,43,4,10
1194,1000001193,BRAYAN RICARDO RAMIREZ ORTIZ,17,61,61,17
1195,1000001194,BRAYAN RICARDO RAMIREZ ORTIZ,97,69,67,93
1196,1000001195,BRAYAN RICARDO RAMIREZ ORTIZ,68,96,34,27
1197,1000001196,BRAYAN RICARDO RAMIREZ ORTIZ,90,29,46,60
1198,1000001197,BRAYAN RICARDO RAMIREZ ORTIZ,38,61,36,71
1199,1000001198,BRAYAN RICARDO RAMIREZ ORTIZ,94,84,86,55
1200,1000001199,BRAYAN RICARDO RAMIREZ ORTIZ,26,81,8,14
1,2000000000,El xyz xd xd,87,84,85,71